video_id,frame_order,frame_index,timestamp_seconds,frame_path,motion_score,normalized_motion_score,person_count,person_confidence_sum,person_area_ratio,person_score,normalized_person_score,ball_count,ball_score,normalized_ball_score,combined_score,motion_weight,person_weight,ball_weight,selection_method,candidate_stride,minimum_frame_gap,video_total_frames,video_fps
basketball/v_-6Os86HzwCs_c001_01,1,50,2.0,data\guided_frames\basketball__v_-6Os86HzwCs_c001_01\frame_01_idx_000050.jpg,18.310903,0.598475,22,10.06784,0.154932,10.222772,0.664327,0,0.0,0.0,0.533785,0.57,0.29,0.14,guided_motion_yolo,5,15,375,25.0
basketball/v_-6Os86HzwCs_c001_01,2,130,5.2,data\guided_frames\basketball__v_-6Os86HzwCs_c001_01\frame_02_idx_000130.jpg,20.155799,0.658773,22,11.131858,0.177497,11.309354,0.830757,0,0.0,0.0,0.61642,0.57,0.29,0.14,guided_motion_yolo,5,15,375,25.0
basketball/v_-6Os86HzwCs_c001_01,3,240,9.6,data\guided_frames\basketball__v_-6Os86HzwCs_c001_01\frame_03_idx_000240.jpg,15.167847,0.495747,21,10.654092,0.184849,10.838941,0.758704,1,0.240093,1.0,0.6426,0.57,0.29,0.14,guided_motion_yolo,5,15,375,25.0
basketball/v_-6Os86HzwCs_c001_01,4,265,10.6,data\guided_frames\basketball__v_-6Os86HzwCs_c001_01\frame_04_idx_000265.jpg,27.082083,0.885152,17,8.256135,0.199373,8.455508,0.393637,0,0.0,0.0,0.618691,0.57,0.29,0.14,guided_motion_yolo,5,15,375,25.0
basketball/v_-6Os86HzwCs_c001_01,5,280,11.2,data\guided_frames\basketball__v_-6Os86HzwCs_c001_01\frame_05_idx_000280.jpg,28.986424,0.947394,19,9.254367,0.153895,9.408262,0.539569,1,0.205305,0.855104,0.816204,0.57,0.29,0.14,guided_motion_yolo,5,15,375,25.0
basketball/v_-6Os86HzwCs_c001_01,6,295,11.8,data\guided_frames\basketball__v_-6Os86HzwCs_c001_01\frame_06_idx_000295.jpg,27.661042,0.904075,19,8.439181,0.181618,8.6208,0.418954,0,0.0,0.0,0.63682,0.57,0.29,0.14,guided_motion_yolo,5,15,375,25.0
basketball/v_-6Os86HzwCs_c001_01,7,310,12.4,data\guided_frames\basketball__v_-6Os86HzwCs_c001_01\frame_07_idx_000310.jpg,30.595955,1.0,18,8.262363,0.152627,8.41499,0.38743,0,0.0,0.0,0.682355,0.57,0.29,0.14,guided_motion_yolo,5,15,375,25.0
basketball/v_-6Os86HzwCs_c001_01,8,330,13.2,data\guided_frames\basketball__v_-6Os86HzwCs_c001_01\frame_08_idx_000330.jpg,27.051493,0.884153,14,7.338175,0.096804,7.434979,0.237323,0,0.0,0.0,0.572791,0.57,0.29,0.14,guided_motion_yolo,5,15,375,25.0
basketball/v_-6Os86HzwCs_c003_00,1,125,5.0,data\guided_frames\basketball__v_-6Os86HzwCs_c003_00\frame_01_idx_000125.jpg,17.403559,0.607961,19,9.365673,0.166186,9.531859,0.769303,0,0.0,0.0,0.569636,0.57,0.29,0.14,guided_motion_yolo,5,15,375,25.0
basketball/v_-6Os86HzwCs_c003_00,2,140,5.6,data\guided_frames\basketball__v_-6Os86HzwCs_c003_00\frame_02_idx_000140.jpg,20.2325,0.706785,21,9.384184,0.170783,9.554967,0.773861,0,0.0,0.0,0.627287,0.57,0.29,0.14,guided_motion_yolo,5,15,375,25.0
basketball/v_-6Os86HzwCs_c003_00,3,170,6.8,data\guided_frames\basketball__v_-6Os86HzwCs_c003_00\frame_03_idx_000170.jpg,17.490208,0.610988,17,9.469308,0.134386,9.603694,0.783472,0,0.0,0.0,0.57547,0.57,0.29,0.14,guided_motion_yolo,5,15,375,25.0
basketball/v_-6Os86HzwCs_c003_00,4,225,9.0,data\guided_frames\basketball__v_-6Os86HzwCs_c003_00\frame_04_idx_000225.jpg,16.998177,0.5938,19,9.662872,0.169892,9.832764,0.828655,0,0.0,0.0,0.578776,0.57,0.29,0.14,guided_motion_yolo,5,15,375,25.0
basketball/v_-6Os86HzwCs_c003_00,5,255,10.2,data\guided_frames\basketball__v_-6Os86HzwCs_c003_00\frame_05_idx_000255.jpg,12.572934,0.439212,19,9.87575,0.174048,10.049798,0.871464,0,0.0,0.0,0.503076,0.57,0.29,0.14,guided_motion_yolo,5,15,375,25.0
basketball/v_-6Os86HzwCs_c003_00,6,280,11.2,data\guided_frames\basketball__v_-6Os86HzwCs_c003_00\frame_06_idx_000280.jpg,18.909635,0.660573,21,10.546257,0.155192,10.701449,1.0,0,0.0,0.0,0.666527,0.57,0.29,0.14,guided_motion_yolo,5,15,375,25.0
basketball/v_-6Os86HzwCs_c003_00,7,345,13.8,data\guided_frames\basketball__v_-6Os86HzwCs_c003_00\frame_07_idx_000345.jpg,26.587552,0.928787,20,8.836389,0.149004,8.985393,0.661514,0,0.0,0.0,0.721248,0.57,0.29,0.14,guided_motion_yolo,5,15,375,25.0
basketball/v_-6Os86HzwCs_c003_00,8,360,14.4,data\guided_frames\basketball__v_-6Os86HzwCs_c003_00\frame_08_idx_000360.jpg,23.494792,0.820747,13,6.679248,0.10411,6.783358,0.227171,0,0.0,0.0,0.533706,0.57,0.29,0.14,guided_motion_yolo,5,15,375,25.0
basketball/v_-6Os86HzwCs_c004_01,1,5,0.2,data\guided_frames\basketball__v_-6Os86HzwCs_c004_01\frame_01_idx_000005.jpg,21.644757,0.909951,15,8.035168,0.072358,8.107526,1.0,0,0.0,0.0,0.808672,0.57,0.29,0.14,guided_motion_yolo,5,15,75,25.0
basketball/v_-6Os86HzwCs_c004_01,2,10,0.4,data\guided_frames\basketball__v_-6Os86HzwCs_c004_01\frame_02_idx_000010.jpg,21.600747,0.908101,13,6.732446,0.068644,6.80109,0.614944,0,0.0,0.0,0.695952,0.57,0.29,0.14,guided_motion_yolo,5,15,75,25.0
basketball/v_-6Os86HzwCs_c004_01,3,15,0.6,data\guided_frames\basketball__v_-6Os86HzwCs_c004_01\frame_03_idx_000015.jpg,22.079948,0.928247,10,6.528734,0.057914,6.586648,0.55174,0,0.0,0.0,0.689105,0.57,0.29,0.14,guided_motion_yolo,5,15,75,25.0
basketball/v_-6Os86HzwCs_c004_01,4,25,1.0,data\guided_frames\basketball__v_-6Os86HzwCs_c004_01\frame_04_idx_000025.jpg,23.593073,0.991859,12,6.651402,0.076672,6.728073,0.593424,0,0.0,0.0,0.737453,0.57,0.29,0.14,guided_motion_yolo,5,15,75,25.0
basketball/v_-6Os86HzwCs_c004_01,5,30,1.2,data\guided_frames\basketball__v_-6Os86HzwCs_c004_01\frame_05_idx_000030.jpg,21.323559,0.896448,13,7.040364,0.060602,7.100966,0.703329,0,0.0,0.0,0.714941,0.57,0.29,0.14,guided_motion_yolo,5,15,75,25.0
basketball/v_-6Os86HzwCs_c004_01,6,35,1.4,data\guided_frames\basketball__v_-6Os86HzwCs_c004_01\frame_06_idx_000035.jpg,21.368941,0.898356,14,6.30375,0.092152,6.395902,0.49552,0,0.0,0.0,0.655764,0.57,0.29,0.14,guided_motion_yolo,5,15,75,25.0
basketball/v_-6Os86HzwCs_c004_01,7,40,1.6,data\guided_frames\basketball__v_-6Os86HzwCs_c004_01\frame_07_idx_000040.jpg,17.836649,0.749858,13,6.488241,0.085539,6.57378,0.547948,0,0.0,0.0,0.586324,0.57,0.29,0.14,guided_motion_yolo,5,15,75,25.0
basketball/v_-6Os86HzwCs_c004_01,8,60,2.4,data\guided_frames\basketball__v_-6Os86HzwCs_c004_01\frame_08_idx_000060.jpg,13.829219,0.581384,13,6.222813,0.09633,6.319144,0.472897,1,0.24579,1.0,0.608529,0.57,0.29,0.14,guided_motion_yolo,5,15,75,25.0
basketball/v_-9kabh1K8UA_c004_00,1,20,0.8,data\guided_frames\basketball__v_-9kabh1K8UA_c004_00\frame_01_idx_000020.jpg,14.932552,0.944004,15,7.168933,0.172171,7.341104,0.791809,1,0.20051,0.487069,0.835897,0.57,0.29,0.14,guided_motion_yolo,5,15,200,25.0
basketball/v_-9kabh1K8UA_c004_00,2,35,1.4,data\guided_frames\basketball__v_-9kabh1K8UA_c004_00\frame_02_idx_000035.jpg,11.894392,0.751938,15,7.18383,0.158197,7.342027,0.792103,0,0.0,0.0,0.658314,0.57,0.29,0.14,guided_motion_yolo,5,15,200,25.0
basketball/v_-9kabh1K8UA_c004_00,3,50,2.0,data\guided_frames\basketball__v_-9kabh1K8UA_c004_00\frame_03_idx_000050.jpg,9.859271,0.623282,13,7.006723,0.139364,7.146087,0.729751,0,0.0,0.0,0.566899,0.57,0.29,0.14,guided_motion_yolo,5,15,200,25.0
basketball/v_-9kabh1K8UA_c004_00,4,65,2.6,data\guided_frames\basketball__v_-9kabh1K8UA_c004_00\frame_04_idx_000065.jpg,10.121649,0.639869,13,7.827188,0.123756,7.950944,0.98587,0,0.0,0.0,0.650628,0.57,0.29,0.14,guided_motion_yolo,5,15,200,25.0
basketball/v_-9kabh1K8UA_c004_00,5,100,4.0,data\guided_frames\basketball__v_-9kabh1K8UA_c004_00\frame_05_idx_000100.jpg,12.325799,0.779211,13,6.986963,0.123789,7.110752,0.718507,0,0.0,0.0,0.652517,0.57,0.29,0.14,guided_motion_yolo,5,15,200,25.0
basketball/v_-9kabh1K8UA_c004_00,6,120,4.8,data\guided_frames\basketball__v_-9kabh1K8UA_c004_00\frame_06_idx_000120.jpg,15.818316,1.0,14,5.73676,0.159515,5.896276,0.332041,1,0.277718,0.674618,0.760738,0.57,0.29,0.14,guided_motion_yolo,5,15,200,25.0
basketball/v_-9kabh1K8UA_c004_00,7,170,6.8,data\guided_frames\basketball__v_-9kabh1K8UA_c004_00\frame_07_idx_000170.jpg,10.790694,0.682165,14,7.196229,0.16463,7.360859,0.798095,0,0.0,0.0,0.620281,0.57,0.29,0.14,guided_motion_yolo,5,15,200,25.0
basketball/v_-9kabh1K8UA_c004_00,8,199,7.96,data\guided_frames\basketball__v_-9kabh1K8UA_c004_00\frame_08_idx_000199.jpg,13.173715,0.832814,13,7.413596,0.21246,7.626056,0.882485,0,0.0,0.0,0.730625,0.57,0.29,0.14,guided_motion_yolo,5,15,200,25.0
basketball/v_-9kabh1K8UA_c600_00,1,10,0.4,data\guided_frames\basketball__v_-9kabh1K8UA_c600_00\frame_01_idx_000010.jpg,10.588125,0.83206,12,6.477742,0.161502,6.639244,0.433219,1,0.253321,1.0,0.739908,0.57,0.29,0.14,guided_motion_yolo,5,15,300,25.0
basketball/v_-9kabh1K8UA_c600_00,2,25,1.0,data\guided_frames\basketball__v_-9kabh1K8UA_c600_00\frame_02_idx_000025.jpg,11.353924,0.89224,14,6.633454,0.168073,6.801527,0.460765,0,0.0,0.0,0.642198,0.57,0.29,0.14,guided_motion_yolo,5,15,300,25.0
basketball/v_-9kabh1K8UA_c600_00,3,95,3.8,data\guided_frames\basketball__v_-9kabh1K8UA_c600_00\frame_03_idx_000095.jpg,8.995781,0.706927,14,6.804214,0.150613,6.954827,0.486785,0,0.0,0.0,0.544116,0.57,0.29,0.14,guided_motion_yolo,5,15,300,25.0
basketball/v_-9kabh1K8UA_c600_00,4,120,4.8,data\guided_frames\basketball__v_-9kabh1K8UA_c600_00\frame_04_idx_000120.jpg,9.443958,0.742147,13,6.902457,0.162506,7.064963,0.505479,0,0.0,0.0,0.569613,0.57,0.29,0.14,guided_motion_yolo,5,15,300,25.0
basketball/v_-9kabh1K8UA_c600_00,5,135,5.4,data\guided_frames\basketball__v_-9kabh1K8UA_c600_00\frame_05_idx_000135.jpg,9.571163,0.752143,11,7.087492,0.110965,7.198457,0.528138,0,0.0,0.0,0.581882,0.57,0.29,0.14,guided_motion_yolo,5,15,300,25.0
basketball/v_-9kabh1K8UA_c600_00,6,170,6.8,data\guided_frames\basketball__v_-9kabh1K8UA_c600_00\frame_06_idx_000170.jpg,9.059774,0.711956,13,7.453226,0.127857,7.581083,0.593083,0,0.0,0.0,0.577809,0.57,0.29,0.14,guided_motion_yolo,5,15,300,25.0
basketball/v_-9kabh1K8UA_c600_00,7,260,10.4,data\guided_frames\basketball__v_-9kabh1K8UA_c600_00\frame_07_idx_000260.jpg,12.725191,1.0,13,5.706814,0.138661,5.845475,0.298488,0,0.0,0.0,0.656562,0.57,0.29,0.14,guided_motion_yolo,5,15,300,25.0
basketball/v_-9kabh1K8UA_c600_00,8,295,11.8,data\guided_frames\basketball__v_-9kabh1K8UA_c600_00\frame_08_idx_000295.jpg,12.037535,0.945961,19,8.23952,0.148713,8.388233,0.730086,0,0.0,0.0,0.750923,0.57,0.29,0.14,guided_motion_yolo,5,15,300,25.0
basketball/v_00HRwkvvjtQ_c001_04,1,65,2.6,data\guided_frames\basketball__v_00HRwkvvjtQ_c001_04\frame_01_idx_000065.jpg,18.794479,0.559991,14,7.644396,0.123515,7.767911,0.690518,0,0.0,0.0,0.519445,0.57,0.29,0.14,guided_motion_yolo,5,15,375,25.0
basketball/v_00HRwkvvjtQ_c001_04,2,180,7.2,data\guided_frames\basketball__v_00HRwkvvjtQ_c001_04\frame_02_idx_000180.jpg,26.772344,0.797696,16,8.475618,0.201046,8.676664,0.849201,0,0.0,0.0,0.700955,0.57,0.29,0.14,guided_motion_yolo,5,15,375,25.0
basketball/v_00HRwkvvjtQ_c001_04,3,195,7.8,data\guided_frames\basketball__v_00HRwkvvjtQ_c001_04\frame_03_idx_000195.jpg,26.920365,0.802106,11,5.358008,0.132844,5.490852,0.292905,0,0.0,0.0,0.542143,0.57,0.29,0.14,guided_motion_yolo,5,15,375,25.0
basketball/v_00HRwkvvjtQ_c001_04,4,270,10.8,data\guided_frames\basketball__v_00HRwkvvjtQ_c001_04\frame_04_idx_000270.jpg,28.666372,0.85413,13,5.921028,0.158887,6.079914,0.395765,0,0.0,0.0,0.601626,0.57,0.29,0.14,guided_motion_yolo,5,15,375,25.0
basketball/v_00HRwkvvjtQ_c001_04,5,285,11.4,data\guided_frames\basketball__v_00HRwkvvjtQ_c001_04\frame_05_idx_000285.jpg,30.074479,0.896085,14,7.405709,0.129721,7.53543,0.649922,0,0.0,0.0,0.699246,0.57,0.29,0.14,guided_motion_yolo,5,15,375,25.0
basketball/v_00HRwkvvjtQ_c001_04,6,300,12.0,data\guided_frames\basketball__v_00HRwkvvjtQ_c001_04\frame_06_idx_000300.jpg,25.49533,0.759647,14,6.985792,0.131302,7.117095,0.576874,1,0.210794,0.884112,0.724068,0.57,0.29,0.14,guided_motion_yolo,5,15,375,25.0
basketball/v_00HRwkvvjtQ_c001_04,7,330,13.2,data\guided_frames\basketball__v_00HRwkvvjtQ_c001_04\frame_07_idx_000330.jpg,23.379861,0.696615,17,8.696468,0.103135,8.799603,0.870668,0,0.0,0.0,0.649565,0.57,0.29,0.14,guided_motion_yolo,5,15,375,25.0
basketball/v_00HRwkvvjtQ_c001_04,8,345,13.8,data\guided_frames\basketball__v_00HRwkvvjtQ_c001_04\frame_08_idx_000345.jpg,19.171406,0.571222,19,9.262562,0.117238,9.3798,0.971981,0,0.0,0.0,0.607471,0.57,0.29,0.14,guided_motion_yolo,5,15,375,25.0
basketball/v_00HRwkvvjtQ_c001_05,1,25,1.0,data\guided_frames\basketball__v_00HRwkvvjtQ_c001_05\frame_01_idx_000025.jpg,9.329167,0.142171,17,8.272412,0.119809,8.392221,0.778306,0,0.0,0.0,0.306746,0.57,0.29,0.14,guided_motion_yolo,5,15,226,25.0
basketball/v_00HRwkvvjtQ_c001_05,2,85,3.4,data\guided_frames\basketball__v_00HRwkvvjtQ_c001_05\frame_02_idx_000085.jpg,7.112378,0.108388,16,8.98488,0.117531,9.102411,1.0,0,0.0,0.0,0.351781,0.57,0.29,0.14,guided_motion_yolo,5,15,226,25.0
basketball/v_00HRwkvvjtQ_c001_05,3,105,4.2,data\guided_frames\basketball__v_00HRwkvvjtQ_c001_05\frame_03_idx_000105.jpg,9.235139,0.140738,15,8.507755,0.146626,8.654382,0.860142,0,0.0,0.0,0.329662,0.57,0.29,0.14,guided_motion_yolo,5,15,226,25.0
basketball/v_00HRwkvvjtQ_c001_05,4,125,5.0,data\guided_frames\basketball__v_00HRwkvvjtQ_c001_05\frame_04_idx_000125.jpg,9.958524,0.151762,16,8.795497,0.136262,8.931759,0.946729,0,0.0,0.0,0.361055,0.57,0.29,0.14,guided_motion_yolo,5,15,226,25.0
basketball/v_00HRwkvvjtQ_c001_05,5,140,5.6,data\guided_frames\basketball__v_00HRwkvvjtQ_c001_05\frame_05_idx_000140.jpg,19.669358,0.299748,12,8.337198,0.150628,8.487826,0.80815,0,0.0,0.0,0.40522,0.57,0.29,0.14,guided_motion_yolo,5,15,226,25.0
basketball/v_00HRwkvvjtQ_c001_05,6,175,7.0,data\guided_frames\basketball__v_00HRwkvvjtQ_c001_05\frame_06_idx_000175.jpg,65.619549,1.0,16,7.202529,0.278671,7.4812,0.49392,0,0.0,0.0,0.713237,0.57,0.29,0.14,guided_motion_yolo,5,15,226,25.0
basketball/v_00HRwkvvjtQ_c001_05,7,195,7.8,data\guided_frames\basketball__v_00HRwkvvjtQ_c001_05\frame_07_idx_000195.jpg,24.153351,0.368082,19,8.264909,0.513857,8.778765,0.89897,1,0.21431,0.593518,0.5536,0.57,0.29,0.14,guided_motion_yolo,5,15,226,25.0
basketball/v_00HRwkvvjtQ_c001_05,8,220,8.8,data\guided_frames\basketball__v_00HRwkvvjtQ_c001_05\frame_08_idx_000220.jpg,26.848403,0.409153,18,8.460449,0.392341,8.85279,0.922078,0,0.0,0.0,0.50062,0.57,0.29,0.14,guided_motion_yolo,5,15,226,25.0
basketball/v_42VrMbd68Zg_c003_06,1,35,1.4,data\guided_frames\basketball__v_42VrMbd68Zg_c003_06\frame_01_idx_000035.jpg,29.85434,0.979524,16,8.781466,0.189775,8.971241,0.742771,0,0.0,0.0,0.773733,0.57,0.29,0.14,guided_motion_yolo,5,15,375,25.0
basketball/v_42VrMbd68Zg_c003_06,2,65,2.6,data\guided_frames\basketball__v_42VrMbd68Zg_c003_06\frame_02_idx_000065.jpg,27.135278,0.890312,18,9.897834,0.225962,10.123796,1.0,0,0.0,0.0,0.797478,0.57,0.29,0.14,guided_motion_yolo,5,15,375,25.0
basketball/v_42VrMbd68Zg_c003_06,3,235,9.4,data\guided_frames\basketball__v_42VrMbd68Zg_c003_06\frame_03_idx_000235.jpg,30.107743,0.987839,15,7.287004,0.194086,7.48109,0.410197,0,0.0,0.0,0.682025,0.57,0.29,0.14,guided_motion_yolo,5,15,375,25.0
basketball/v_42VrMbd68Zg_c003_06,4,250,10.0,data\guided_frames\basketball__v_42VrMbd68Zg_c003_06\frame_04_idx_000250.jpg,30.478403,1.0,20,9.553981,0.301322,9.855303,0.940077,0,0.0,0.0,0.842622,0.57,0.29,0.14,guided_motion_yolo,5,15,375,25.0
basketball/v_42VrMbd68Zg_c003_06,5,265,10.6,data\guided_frames\basketball__v_42VrMbd68Zg_c003_06\frame_05_idx_000265.jpg,27.952951,0.91714,20,8.35439,0.256359,8.610749,0.662316,0,0.0,0.0,0.714841,0.57,0.29,0.14,guided_motion_yolo,5,15,375,25.0
basketball/v_42VrMbd68Zg_c003_06,6,280,11.2,data\guided_frames\basketball__v_42VrMbd68Zg_c003_06\frame_06_idx_000280.jpg,26.60066,0.872771,17,7.869703,0.185231,8.054935,0.538269,0,0.0,0.0,0.653577,0.57,0.29,0.14,guided_motion_yolo,5,15,375,25.0
basketball/v_42VrMbd68Zg_c003_06,7,295,11.8,data\guided_frames\basketball__v_42VrMbd68Zg_c003_06\frame_07_idx_000295.jpg,25.050833,0.821921,20,9.501038,0.184455,9.685494,0.902179,0,0.0,0.0,0.730127,0.57,0.29,0.14,guided_motion_yolo,5,15,375,25.0
basketball/v_42VrMbd68Zg_c003_06,8,345,13.8,data\guided_frames\basketball__v_42VrMbd68Zg_c003_06\frame_08_idx_000345.jpg,28.762865,0.943713,19,8.782881,0.158591,8.941472,0.736127,0,0.0,0.0,0.751393,0.57,0.29,0.14,guided_motion_yolo,5,15,375,25.0
basketball/v_42VrMbd68Zg_c012_02,1,10,0.4,data\guided_frames\basketball__v_42VrMbd68Zg_c012_02\frame_01_idx_000010.jpg,5.608594,0.217722,16,8.078204,0.156668,8.234872,1.0,0,0.0,0.0,0.414101,0.57,0.29,0.14,guided_motion_yolo,5,15,125,25.0
basketball/v_42VrMbd68Zg_c012_02,2,30,1.2,data\guided_frames\basketball__v_42VrMbd68Zg_c012_02\frame_02_idx_000030.jpg,10.035538,0.389573,15,7.293925,0.165521,7.459446,0.760972,0,0.0,0.0,0.442738,0.57,0.29,0.14,guided_motion_yolo,5,15,125,25.0
basketball/v_42VrMbd68Zg_c012_02,3,50,2.0,data\guided_frames\basketball__v_42VrMbd68Zg_c012_02\frame_03_idx_000050.jpg,13.872726,0.53853,11,5.222105,0.141329,5.363434,0.114868,0,0.0,0.0,0.340274,0.57,0.29,0.14,guided_motion_yolo,5,15,125,25.0
basketball/v_42VrMbd68Zg_c012_02,4,60,2.4,data\guided_frames\basketball__v_42VrMbd68Zg_c012_02\frame_04_idx_000060.jpg,24.562622,0.953504,9,5.209781,0.10471,5.31449,0.099781,0,0.0,0.0,0.572434,0.57,0.29,0.14,guided_motion_yolo,5,15,125,25.0
basketball/v_42VrMbd68Zg_c012_02,5,65,2.6,data\guided_frames\basketball__v_42VrMbd68Zg_c012_02\frame_05_idx_000065.jpg,25.760365,1.0,15,6.250866,0.138607,6.389473,0.431149,0,0.0,0.0,0.695033,0.57,0.29,0.14,guided_motion_yolo,5,15,125,25.0
basketball/v_42VrMbd68Zg_c012_02,6,85,3.4,data\guided_frames\basketball__v_42VrMbd68Zg_c012_02\frame_06_idx_000085.jpg,12.614878,0.489701,15,6.854862,0.132879,6.987741,0.615567,0,0.0,0.0,0.457644,0.57,0.29,0.14,guided_motion_yolo,5,15,125,25.0
basketball/v_42VrMbd68Zg_c012_02,7,105,4.2,data\guided_frames\basketball__v_42VrMbd68Zg_c012_02\frame_07_idx_000105.jpg,17.536562,0.680758,11,6.348703,0.139535,6.488238,0.461593,0,0.0,0.0,0.521894,0.57,0.29,0.14,guided_motion_yolo,5,15,125,25.0
basketball/v_42VrMbd68Zg_c012_02,8,120,4.8,data\guided_frames\basketball__v_42VrMbd68Zg_c012_02\frame_08_idx_000120.jpg,13.24599,0.5142,12,7.197788,0.157309,7.355097,0.728806,0,0.0,0.0,0.504448,0.57,0.29,0.14,guided_motion_yolo,5,15,125,25.0
basketball/v_4LXTUim5anY_c002_00,1,125,5.0,data\guided_frames\basketball__v_4LXTUim5anY_c002_00\frame_01_idx_000125.jpg,32.462708,0.738079,19,8.894351,0.239444,9.133795,0.802543,0,0.0,0.0,0.653442,0.57,0.29,0.14,guided_motion_yolo,5,15,375,25.0
basketball/v_4LXTUim5anY_c002_00,2,140,5.6,data\guided_frames\basketball__v_4LXTUim5anY_c002_00\frame_02_idx_000140.jpg,34.996701,0.795692,25,10.730364,0.27236,11.002724,1.0,0,0.0,0.0,0.743545,0.57,0.29,0.14,guided_motion_yolo,5,15,375,25.0
basketball/v_4LXTUim5anY_c002_00,3,170,6.8,data\guided_frames\basketball__v_4LXTUim5anY_c002_00\frame_03_idx_000170.jpg,29.431163,0.669153,18,7.09232,0.178772,7.271092,0.605744,0,0.0,0.0,0.557083,0.57,0.29,0.14,guided_motion_yolo,5,15,375,25.0
basketball/v_4LXTUim5anY_c002_00,4,200,8.0,data\guided_frames\basketball__v_4LXTUim5anY_c002_00\frame_04_idx_000200.jpg,43.982708,1.0,16,6.216457,0.118487,6.334944,0.506837,0,0.0,0.0,0.716983,0.57,0.29,0.14,guided_motion_yolo,5,15,375,25.0
basketball/v_4LXTUim5anY_c002_00,5,295,11.8,data\guided_frames\basketball__v_4LXTUim5anY_c002_00\frame_05_idx_000295.jpg,32.287222,0.734089,20,9.440927,0.21782,9.658747,0.858006,0,0.0,0.0,0.667252,0.57,0.29,0.14,guided_motion_yolo,5,15,375,25.0
basketball/v_4LXTUim5anY_c002_00,6,325,13.0,data\guided_frames\basketball__v_4LXTUim5anY_c002_00\frame_06_idx_000325.jpg,32.959063,0.749364,19,7.770897,0.263438,8.034334,0.686382,0,0.0,0.0,0.626188,0.57,0.29,0.14,guided_motion_yolo,5,15,375,25.0
basketball/v_4LXTUim5anY_c002_00,7,340,13.6,data\guided_frames\basketball__v_4LXTUim5anY_c002_00\frame_07_idx_000340.jpg,30.521545,0.693944,20,7.358297,0.252218,7.610515,0.641605,0,0.0,0.0,0.581614,0.57,0.29,0.14,guided_motion_yolo,5,15,375,25.0
basketball/v_4LXTUim5anY_c002_00,8,355,14.2,data\guided_frames\basketball__v_4LXTUim5anY_c002_00\frame_08_idx_000355.jpg,31.187448,0.709084,18,7.06037,0.218875,7.279246,0.606605,0,0.0,0.0,0.580094,0.57,0.29,0.14,guided_motion_yolo,5,15,375,25.0
basketball/v_4LXTUim5anY_c014_00,1,15,0.6,data\guided_frames\basketball__v_4LXTUim5anY_c014_00\frame_01_idx_000015.jpg,21.838542,0.888624,16,6.862141,0.157086,7.019226,0.796426,1,0.425165,1.0,0.877479,0.57,0.29,0.14,guided_motion_yolo,5,15,226,25.0
basketball/v_4LXTUim5anY_c014_00,2,30,1.2,data\guided_frames\basketball__v_4LXTUim5anY_c014_00\frame_02_idx_000030.jpg,23.614444,0.960886,16,7.022139,0.122209,7.144348,0.822194,0,0.0,0.0,0.786141,0.57,0.29,0.14,guided_motion_yolo,5,15,226,25.0
basketball/v_4LXTUim5anY_c014_00,3,50,2.0,data\guided_frames\basketball__v_4LXTUim5anY_c014_00\frame_03_idx_000050.jpg,23.799809,0.968429,15,7.043593,0.136434,7.180027,0.829542,0,0.0,0.0,0.792572,0.57,0.29,0.14,guided_motion_yolo,5,15,226,25.0
basketball/v_4LXTUim5anY_c014_00,4,70,2.8,data\guided_frames\basketball__v_4LXTUim5anY_c014_00\frame_04_idx_000070.jpg,23.384566,0.951532,11,5.528557,0.07995,5.608507,0.505893,0,0.0,0.0,0.689082,0.57,0.29,0.14,guided_motion_yolo,5,15,226,25.0
basketball/v_4LXTUim5anY_c014_00,5,90,3.6,data\guided_frames\basketball__v_4LXTUim5anY_c014_00\frame_05_idx_000090.jpg,17.206441,0.700141,13,5.291558,0.082651,5.37421,0.45764,0,0.0,0.0,0.531796,0.57,0.29,0.14,guided_motion_yolo,5,15,226,25.0
basketball/v_4LXTUim5anY_c014_00,6,135,5.4,data\guided_frames\basketball__v_4LXTUim5anY_c014_00\frame_06_idx_000135.jpg,21.918455,0.891875,10,4.718408,0.077279,4.795687,0.338495,0,0.0,0.0,0.606532,0.57,0.29,0.14,guided_motion_yolo,5,15,226,25.0
basketball/v_4LXTUim5anY_c014_00,7,150,6.0,data\guided_frames\basketball__v_4LXTUim5anY_c014_00\frame_07_idx_000150.jpg,23.903906,0.972665,13,5.510818,0.095275,5.606093,0.505395,0,0.0,0.0,0.700983,0.57,0.29,0.14,guided_motion_yolo,5,15,226,25.0
basketball/v_4LXTUim5anY_c014_00,8,200,8.0,data\guided_frames\basketball__v_4LXTUim5anY_c014_00\frame_08_idx_000200.jpg,18.62401,0.757822,14,6.00136,0.114019,6.115379,0.610281,0,0.0,0.0,0.60894,0.57,0.29,0.14,guided_motion_yolo,5,15,226,25.0
basketball/v_4nikeBZNYRE_c005_00,1,10,0.4,data\guided_frames\basketball__v_4nikeBZNYRE_c005_00\frame_01_idx_000010.jpg,19.417326,0.914997,18,9.455923,0.151048,9.606971,0.619565,1,0.345865,0.5976,0.784886,0.57,0.29,0.14,guided_motion_yolo,5,15,325,25.0
basketball/v_4nikeBZNYRE_c005_00,2,35,1.4,data\guided_frames\basketball__v_4nikeBZNYRE_c005_00\frame_02_idx_000035.jpg,21.013507,0.990214,20,10.153226,0.169139,10.322365,0.759239,0,0.0,0.0,0.784601,0.57,0.29,0.14,guided_motion_yolo,5,15,325,25.0
basketball/v_4nikeBZNYRE_c005_00,3,50,2.0,data\guided_frames\basketball__v_4nikeBZNYRE_c005_00\frame_03_idx_000050.jpg,18.490243,0.871311,20,9.212047,0.143107,9.355155,0.5704,1,0.356488,0.615955,0.748297,0.57,0.29,0.14,guided_motion_yolo,5,15,325,25.0
basketball/v_4nikeBZNYRE_c005_00,4,65,2.6,data\guided_frames\basketball__v_4nikeBZNYRE_c005_00\frame_04_idx_000065.jpg,11.829444,0.557436,18,7.74337,0.148576,7.891946,0.284723,2,0.445626,0.769971,0.508104,0.57,0.29,0.14,guided_motion_yolo,5,15,325,25.0
basketball/v_4nikeBZNYRE_c005_00,5,105,4.2,data\guided_frames\basketball__v_4nikeBZNYRE_c005_00\frame_05_idx_000105.jpg,6.045903,0.284899,22,9.83304,0.151993,9.985033,0.693378,1,0.376869,0.651169,0.454636,0.57,0.29,0.14,guided_motion_yolo,5,15,325,25.0
basketball/v_4nikeBZNYRE_c005_00,6,140,5.6,data\guided_frames\basketball__v_4nikeBZNYRE_c005_00\frame_06_idx_000140.jpg,12.946771,0.610087,21,9.487638,0.160693,9.648331,0.62764,0,0.0,0.0,0.529765,0.57,0.29,0.14,guided_motion_yolo,5,15,325,25.0
basketball/v_4nikeBZNYRE_c005_00,7,155,6.2,data\guided_frames\basketball__v_4nikeBZNYRE_c005_00\frame_07_idx_000155.jpg,14.411875,0.679127,21,9.819203,0.141372,9.960576,0.688603,0,0.0,0.0,0.586797,0.57,0.29,0.14,guided_motion_yolo,5,15,325,25.0
basketball/v_4nikeBZNYRE_c005_00,8,320,12.8,data\guided_frames\basketball__v_4nikeBZNYRE_c005_00\frame_08_idx_000320.jpg,9.083941,0.42806,21,9.894464,0.167644,10.062109,0.708426,0,0.0,0.0,0.449438,0.57,0.29,0.14,guided_motion_yolo,5,15,325,25.0
basketball/v_4r8QL_wglzQ_c007_00,1,100,4.0,data\guided_frames\basketball__v_4r8QL_wglzQ_c007_00\frame_01_idx_000100.jpg,6.106215,0.3995,18,8.041888,0.150561,8.192449,0.763395,0,0.0,0.0,0.4491,0.57,0.29,0.14,guided_motion_yolo,5,15,300,25.0
basketball/v_4r8QL_wglzQ_c007_00,2,115,4.6,data\guided_frames\basketball__v_4r8QL_wglzQ_c007_00\frame_02_idx_000115.jpg,6.988993,0.457256,19,8.933261,0.137228,9.070489,0.965123,0,0.0,0.0,0.540522,0.57,0.29,0.14,guided_motion_yolo,5,15,300,25.0
basketball/v_4r8QL_wglzQ_c007_00,3,135,5.4,data\guided_frames\basketball__v_4r8QL_wglzQ_c007_00\frame_03_idx_000135.jpg,15.284635,1.0,14,7.732135,0.121328,7.853464,0.685514,0,0.0,0.0,0.768799,0.57,0.29,0.14,guided_motion_yolo,5,15,300,25.0
basketball/v_4r8QL_wglzQ_c007_00,4,150,6.0,data\guided_frames\basketball__v_4r8QL_wglzQ_c007_00\frame_04_idx_000150.jpg,11.827222,0.773798,15,8.150809,0.11274,8.263549,0.77973,0,0.0,0.0,0.667187,0.57,0.29,0.14,guided_motion_yolo,5,15,300,25.0
basketball/v_4r8QL_wglzQ_c007_00,5,175,7.0,data\guided_frames\basketball__v_4r8QL_wglzQ_c007_00\frame_05_idx_000175.jpg,8.784184,0.574707,17,8.795122,0.121661,8.916783,0.929809,0,0.0,0.0,0.597228,0.57,0.29,0.14,guided_motion_yolo,5,15,300,25.0
basketball/v_4r8QL_wglzQ_c007_00,6,205,8.2,data\guided_frames\basketball__v_4r8QL_wglzQ_c007_00\frame_06_idx_000205.jpg,12.193559,0.797766,16,7.968846,0.121914,8.090759,0.740032,0,0.0,0.0,0.669336,0.57,0.29,0.14,guided_motion_yolo,5,15,300,25.0
basketball/v_4r8QL_wglzQ_c007_00,7,225,9.0,data\guided_frames\basketball__v_4r8QL_wglzQ_c007_00\frame_07_idx_000225.jpg,12.501858,0.817936,19,8.118814,0.144539,8.263353,0.779685,0,0.0,0.0,0.692332,0.57,0.29,0.14,guided_motion_yolo,5,15,300,25.0
basketball/v_4r8QL_wglzQ_c007_00,8,295,11.8,data\guided_frames\basketball__v_4r8QL_wglzQ_c007_00\frame_08_idx_000295.jpg,10.412951,0.681269,12,7.06852,0.12132,7.18984,0.533048,0,0.0,0.0,0.542907,0.57,0.29,0.14,guided_motion_yolo,5,15,300,25.0
basketball/v_4r8QL_wglzQ_c008_00,1,25,1.0,data\guided_frames\basketball__v_4r8QL_wglzQ_c008_00\frame_01_idx_000025.jpg,19.891875,0.950433,11,5.785759,0.062004,5.847763,0.336878,0,0.0,0.0,0.639442,0.57,0.29,0.14,guided_motion_yolo,5,15,375,25.0
basketball/v_4r8QL_wglzQ_c008_00,2,40,1.6,data\guided_frames\basketball__v_4r8QL_wglzQ_c008_00\frame_02_idx_000040.jpg,19.296701,0.921996,14,7.898203,0.100127,7.99833,0.771051,0,0.0,0.0,0.749142,0.57,0.29,0.14,guided_motion_yolo,5,15,375,25.0
basketball/v_4r8QL_wglzQ_c008_00,3,55,2.2,data\guided_frames\basketball__v_4r8QL_wglzQ_c008_00\frame_03_idx_000055.jpg,20.929271,1.0,17,9.031817,0.100554,9.132372,1.0,0,0.0,0.0,0.86,0.57,0.29,0.14,guided_motion_yolo,5,15,375,25.0
basketball/v_4r8QL_wglzQ_c008_00,4,70,2.8,data\guided_frames\basketball__v_4r8QL_wglzQ_c008_00\frame_04_idx_000070.jpg,18.394427,0.878885,16,8.352416,0.120034,8.47245,0.86677,0,0.0,0.0,0.752328,0.57,0.29,0.14,guided_motion_yolo,5,15,375,25.0
basketball/v_4r8QL_wglzQ_c008_00,5,85,3.4,data\guided_frames\basketball__v_4r8QL_wglzQ_c008_00\frame_05_idx_000085.jpg,14.929479,0.71333,17,8.300867,0.105819,8.406686,0.853493,0,0.0,0.0,0.654111,0.57,0.29,0.14,guided_motion_yolo,5,15,375,25.0
basketball/v_4r8QL_wglzQ_c008_00,6,145,5.8,data\guided_frames\basketball__v_4r8QL_wglzQ_c008_00\frame_06_idx_000145.jpg,10.819583,0.516959,19,8.789192,0.120611,8.909803,0.955066,0,0.0,0.0,0.571636,0.57,0.29,0.14,guided_motion_yolo,5,15,375,25.0
basketball/v_4r8QL_wglzQ_c008_00,7,185,7.4,data\guided_frames\basketball__v_4r8QL_wglzQ_c008_00\frame_07_idx_000185.jpg,14.76283,0.705368,14,6.518985,0.098613,6.617598,0.492298,0,0.0,0.0,0.544826,0.57,0.29,0.14,guided_motion_yolo,5,15,375,25.0
basketball/v_4r8QL_wglzQ_c008_00,8,210,8.4,data\guided_frames\basketball__v_4r8QL_wglzQ_c008_00\frame_08_idx_000210.jpg,18.835382,0.899954,16,6.875638,0.102858,6.978496,0.565159,0,0.0,0.0,0.67687,0.57,0.29,0.14,guided_motion_yolo,5,15,375,25.0
basketball/v_5ekaksddqrc_c003_00,1,10,0.4,data\guided_frames\basketball__v_5ekaksddqrc_c003_00\frame_01_idx_000010.jpg,82.409618,1.0,13,6.805814,0.104579,6.910393,0.549788,0,0.0,0.0,0.729439,0.57,0.29,0.14,guided_motion_yolo,5,15,375,25.0
basketball/v_5ekaksddqrc_c003_00,2,85,3.4,data\guided_frames\basketball__v_5ekaksddqrc_c003_00\frame_02_idx_000085.jpg,10.727431,0.130172,17,9.071813,0.186507,9.258319,0.798403,1,0.588971,0.712818,0.405529,0.57,0.29,0.14,guided_motion_yolo,5,15,375,25.0
basketball/v_5ekaksddqrc_c003_00,3,170,6.8,data\guided_frames\basketball__v_5ekaksddqrc_c003_00\frame_03_idx_000170.jpg,11.467934,0.139158,17,10.872565,0.187011,11.059576,0.989132,1,0.605575,0.732913,0.468776,0.57,0.29,0.14,guided_motion_yolo,5,15,375,25.0
basketball/v_5ekaksddqrc_c003_00,4,205,8.2,data\guided_frames\basketball__v_5ekaksddqrc_c003_00\frame_04_idx_000205.jpg,7.125833,0.086468,16,8.687741,0.181275,8.869016,0.75718,1,0.820032,0.992466,0.407815,0.57,0.29,0.14,guided_motion_yolo,5,15,375,25.0
basketball/v_5ekaksddqrc_c003_00,5,320,12.8,data\guided_frames\basketball__v_5ekaksddqrc_c003_00\frame_05_idx_000320.jpg,21.463247,0.260446,20,10.227343,0.193477,10.42082,0.921496,1,0.329085,0.398284,0.471448,0.57,0.29,0.14,guided_motion_yolo,5,15,375,25.0
basketball/v_5ekaksddqrc_c003_00,6,335,13.4,data\guided_frames\basketball__v_5ekaksddqrc_c003_00\frame_06_idx_000335.jpg,24.489566,0.297169,17,9.118436,0.154201,9.272637,0.799919,0,0.0,0.0,0.401363,0.57,0.29,0.14,guided_motion_yolo,5,15,375,25.0
basketball/v_5ekaksddqrc_c003_00,7,355,14.2,data\guided_frames\basketball__v_5ekaksddqrc_c003_00\frame_07_idx_000355.jpg,17.979253,0.218169,22,8.8184,0.146334,8.964734,0.767316,1,0.349126,0.422539,0.406034,0.57,0.29,0.14,guided_motion_yolo,5,15,375,25.0
basketball/v_5ekaksddqrc_c003_00,8,374,14.96,data\guided_frames\basketball__v_5ekaksddqrc_c003_00\frame_08_idx_000374.jpg,17.447969,0.211722,17,8.665251,0.139994,8.805245,0.750428,1,0.702032,0.849653,0.457257,0.57,0.29,0.14,guided_motion_yolo,5,15,375,25.0
basketball/v_5ekaksddqrc_c005_00,1,125,5.0,data\guided_frames\basketball__v_5ekaksddqrc_c005_00\frame_01_idx_000125.jpg,14.912465,0.561245,20,9.494852,0.238845,9.733698,0.86984,0,0.0,0.0,0.572163,0.57,0.29,0.14,guided_motion_yolo,5,15,375,25.0
basketball/v_5ekaksddqrc_c005_00,2,145,5.8,data\guided_frames\basketball__v_5ekaksddqrc_c005_00\frame_02_idx_000145.jpg,12.486684,0.469948,20,10.190287,0.1947,10.384987,1.0,0,0.0,0.0,0.557871,0.57,0.29,0.14,guided_motion_yolo,5,15,375,25.0
basketball/v_5ekaksddqrc_c005_00,3,225,9.0,data\guided_frames\basketball__v_5ekaksddqrc_c005_00\frame_03_idx_000225.jpg,15.974063,0.601199,15,7.752576,0.15112,7.903696,0.504114,0,0.0,0.0,0.488877,0.57,0.29,0.14,guided_motion_yolo,5,15,375,25.0
basketball/v_5ekaksddqrc_c005_00,4,250,10.0,data\guided_frames\basketball__v_5ekaksddqrc_c005_00\frame_04_idx_000250.jpg,11.728021,0.441395,18,8.68886,0.165169,8.854029,0.694038,1,0.224395,0.394425,0.508086,0.57,0.29,0.14,guided_motion_yolo,5,15,375,25.0
basketball/v_5ekaksddqrc_c005_00,5,290,11.6,data\guided_frames\basketball__v_5ekaksddqrc_c005_00\frame_05_idx_000290.jpg,15.295972,0.575679,18,8.415103,0.153861,8.568964,0.637068,1,0.223789,0.39336,0.567957,0.57,0.29,0.14,guided_motion_yolo,5,15,375,25.0
basketball/v_5ekaksddqrc_c005_00,6,325,13.0,data\guided_frames\basketball__v_5ekaksddqrc_c005_00\frame_06_idx_000325.jpg,19.995868,0.752564,17,8.204491,0.167242,8.371734,0.597651,0,0.0,0.0,0.60228,0.57,0.29,0.14,guided_motion_yolo,5,15,375,25.0
basketball/v_5ekaksddqrc_c005_00,7,340,13.6,data\guided_frames\basketball__v_5ekaksddqrc_c005_00\frame_07_idx_000340.jpg,26.546233,0.999093,19,8.517638,0.172095,8.689733,0.661203,0,0.0,0.0,0.761232,0.57,0.29,0.14,guided_motion_yolo,5,15,375,25.0
basketball/v_5ekaksddqrc_c005_00,8,365,14.6,data\guided_frames\basketball__v_5ekaksddqrc_c005_00\frame_08_idx_000365.jpg,22.150486,0.833655,15,7.770813,0.118224,7.889037,0.501184,0,0.0,0.0,0.620527,0.57,0.29,0.14,guided_motion_yolo,5,15,375,25.0
basketball/v_6OLC1-bhioc_c002_00,1,10,0.4,data\guided_frames\basketball__v_6OLC1-bhioc_c002_00\frame_01_idx_000010.jpg,21.606892,0.834997,16,6.1104,0.186994,6.297394,0.399732,0,0.0,0.0,0.59187,0.57,0.29,0.14,guided_motion_yolo,5,15,375,25.0
basketball/v_6OLC1-bhioc_c002_00,2,30,1.2,data\guided_frames\basketball__v_6OLC1-bhioc_c002_00\frame_02_idx_000030.jpg,14.931788,0.577038,14,6.913528,0.142428,7.055957,0.549877,0,0.0,0.0,0.488376,0.57,0.29,0.14,guided_motion_yolo,5,15,375,25.0
basketball/v_6OLC1-bhioc_c002_00,3,50,2.0,data\guided_frames\basketball__v_6OLC1-bhioc_c002_00\frame_03_idx_000050.jpg,16.670035,0.644212,22,9.017237,0.212635,9.229872,0.980167,0,0.0,0.0,0.651449,0.57,0.29,0.14,guided_motion_yolo,5,15,375,25.0
basketball/v_6OLC1-bhioc_c002_00,4,80,3.2,data\guided_frames\basketball__v_6OLC1-bhioc_c002_00\frame_04_idx_000080.jpg,9.028299,0.348898,21,9.111179,0.218894,9.330073,1.0,0,0.0,0.0,0.488872,0.57,0.29,0.14,guided_motion_yolo,5,15,375,25.0
basketball/v_6OLC1-bhioc_c002_00,5,130,5.2,data\guided_frames\basketball__v_6OLC1-bhioc_c002_00\frame_05_idx_000130.jpg,17.729549,0.685157,15,6.139441,0.142065,6.281506,0.396587,0,0.0,0.0,0.50555,0.57,0.29,0.14,guided_motion_yolo,5,15,375,25.0
basketball/v_6OLC1-bhioc_c002_00,6,300,12.0,data\guided_frames\basketball__v_6OLC1-bhioc_c002_00\frame_06_idx_000300.jpg,20.990694,0.811184,17,7.563624,0.187265,7.750888,0.687427,1,0.443672,0.834681,0.778584,0.57,0.29,0.14,guided_motion_yolo,5,15,375,25.0
basketball/v_6OLC1-bhioc_c002_00,7,315,12.6,data\guided_frames\basketball__v_6OLC1-bhioc_c002_00\frame_07_idx_000315.jpg,23.814774,0.92032,14,6.775047,0.154418,6.929465,0.52484,0,0.0,0.0,0.676786,0.57,0.29,0.14,guided_motion_yolo,5,15,375,25.0
basketball/v_6OLC1-bhioc_c002_00,8,340,13.6,data\guided_frames\basketball__v_6OLC1-bhioc_c002_00\frame_08_idx_000340.jpg,17.719306,0.684761,8,4.459288,0.154661,4.613949,0.066522,1,0.531547,1.0,0.549605,0.57,0.29,0.14,guided_motion_yolo,5,15,375,25.0
basketball/v_6OLC1-bhioc_c003_04,1,0,0.0,data\guided_frames\basketball__v_6OLC1-bhioc_c003_04\frame_01_idx_000000.jpg,0.0,0.0,13,5.894794,0.129479,6.024273,0.321007,0,0.0,0.0,0.093092,0.57,0.29,0.14,guided_motion_yolo,5,15,76,25.0
basketball/v_6OLC1-bhioc_c003_04,2,15,0.6,data\guided_frames\basketball__v_6OLC1-bhioc_c003_04\frame_02_idx_000015.jpg,12.57724,0.373395,16,6.307279,0.141069,6.448348,0.488042,0,0.0,0.0,0.354368,0.57,0.29,0.14,guided_motion_yolo,5,15,76,25.0
basketball/v_6OLC1-bhioc_c003_04,3,20,0.8,data\guided_frames\basketball__v_6OLC1-bhioc_c003_04\frame_03_idx_000020.jpg,23.325087,0.692479,13,6.511828,0.128118,6.639945,0.563509,0,0.0,0.0,0.558131,0.57,0.29,0.14,guided_motion_yolo,5,15,76,25.0
basketball/v_6OLC1-bhioc_c003_04,4,25,1.0,data\guided_frames\basketball__v_6OLC1-bhioc_c003_04\frame_04_idx_000025.jpg,31.581545,0.937598,15,7.121647,0.147049,7.268696,0.811162,0,0.0,0.0,0.769668,0.57,0.29,0.14,guided_motion_yolo,5,15,76,25.0
basketball/v_6OLC1-bhioc_c003_04,5,30,1.2,data\guided_frames\basketball__v_6OLC1-bhioc_c003_04\frame_05_idx_000030.jpg,33.683455,1.0,17,7.552751,0.195374,7.748125,1.0,0,0.0,0.0,0.86,0.57,0.29,0.14,guided_motion_yolo,5,15,76,25.0
basketball/v_6OLC1-bhioc_c003_04,6,35,1.4,data\guided_frames\basketball__v_6OLC1-bhioc_c003_04\frame_06_idx_000035.jpg,28.565712,0.848064,14,6.996583,0.183375,7.179958,0.77621,0,0.0,0.0,0.708497,0.57,0.29,0.14,guided_motion_yolo,5,15,76,25.0
basketball/v_6OLC1-bhioc_c003_04,7,45,1.8,data\guided_frames\basketball__v_6OLC1-bhioc_c003_04\frame_07_idx_000045.jpg,19.924705,0.591528,12,5.819329,0.208688,6.028017,0.322482,0,0.0,0.0,0.430691,0.57,0.29,0.14,guided_motion_yolo,5,15,76,25.0
basketball/v_6OLC1-bhioc_c003_04,8,70,2.8,data\guided_frames\basketball__v_6OLC1-bhioc_c003_04\frame_08_idx_000070.jpg,21.072813,0.625613,14,6.593162,0.1967,6.789862,0.622558,0,0.0,0.0,0.537141,0.57,0.29,0.14,guided_motion_yolo,5,15,76,25.0
basketball/v_6OLC1-bhioc_c005_00,1,5,0.2,data\guided_frames\basketball__v_6OLC1-bhioc_c005_00\frame_01_idx_000005.jpg,24.445434,0.680045,16,7.964944,0.167156,8.1321,0.666912,0,0.0,0.0,0.58103,0.57,0.29,0.14,guided_motion_yolo,5,15,375,25.0
basketball/v_6OLC1-bhioc_c005_00,2,20,0.8,data\guided_frames\basketball__v_6OLC1-bhioc_c005_00\frame_02_idx_000020.jpg,26.432031,0.73531,21,9.527604,0.201937,9.729541,0.908778,0,0.0,0.0,0.682672,0.57,0.29,0.14,guided_motion_yolo,5,15,375,25.0
basketball/v_6OLC1-bhioc_c005_00,3,40,1.6,data\guided_frames\basketball__v_6OLC1-bhioc_c005_00\frame_03_idx_000040.jpg,28.31,0.787553,17,7.867977,0.188777,8.056754,0.655504,0,0.0,0.0,0.639001,0.57,0.29,0.14,guided_motion_yolo,5,15,375,25.0
basketball/v_6OLC1-bhioc_c005_00,4,55,2.2,data\guided_frames\basketball__v_6OLC1-bhioc_c005_00\frame_04_idx_000055.jpg,25.861858,0.719448,16,7.543875,0.170054,7.713929,0.603598,0,0.0,0.0,0.585129,0.57,0.29,0.14,guided_motion_yolo,5,15,375,25.0
basketball/v_6OLC1-bhioc_c005_00,5,255,10.2,data\guided_frames\basketball__v_6OLC1-bhioc_c005_00\frame_05_idx_000255.jpg,26.72441,0.743443,14,6.052637,0.134714,6.18735,0.372461,1,0.311707,1.0,0.671776,0.57,0.29,0.14,guided_motion_yolo,5,15,375,25.0
basketball/v_6OLC1-bhioc_c005_00,6,325,13.0,data\guided_frames\basketball__v_6OLC1-bhioc_c005_00\frame_06_idx_000325.jpg,34.408385,0.957203,15,7.310262,0.187089,7.497351,0.570806,0,0.0,0.0,0.711139,0.57,0.29,0.14,guided_motion_yolo,5,15,375,25.0
basketball/v_6OLC1-bhioc_c005_00,7,345,13.8,data\guided_frames\basketball__v_6OLC1-bhioc_c005_00\frame_07_idx_000345.jpg,35.890243,0.998427,20,8.511591,0.300048,8.811639,0.7698,0,0.0,0.0,0.792345,0.57,0.29,0.14,guided_motion_yolo,5,15,375,25.0
basketball/v_6OLC1-bhioc_c005_00,8,365,14.6,data\guided_frames\basketball__v_6OLC1-bhioc_c005_00\frame_08_idx_000365.jpg,28.496354,0.792737,19,8.025223,0.227065,8.252288,0.68511,0,0.0,0.0,0.650542,0.57,0.29,0.14,guided_motion_yolo,5,15,375,25.0
basketball/v_6OLC1-bhioc_c006_00,1,130,5.2,data\guided_frames\basketball__v_6OLC1-bhioc_c006_00\frame_01_idx_000130.jpg,31.293333,0.942239,15,7.090784,0.204413,7.295198,0.408379,0,0.0,0.0,0.655506,0.57,0.29,0.14,guided_motion_yolo,5,15,326,25.0
basketball/v_6OLC1-bhioc_c006_00,2,175,7.0,data\guided_frames\basketball__v_6OLC1-bhioc_c006_00\frame_02_idx_000175.jpg,29.964201,0.902219,16,6.627806,0.177171,6.804977,0.335127,0,0.0,0.0,0.611452,0.57,0.29,0.14,guided_motion_yolo,5,15,326,25.0
basketball/v_6OLC1-bhioc_c006_00,3,195,7.8,data\guided_frames\basketball__v_6OLC1-bhioc_c006_00\frame_03_idx_000195.jpg,28.953785,0.871796,15,8.457743,0.158266,8.616008,0.605745,0,0.0,0.0,0.672589,0.57,0.29,0.14,guided_motion_yolo,5,15,326,25.0
basketball/v_6OLC1-bhioc_c006_00,4,210,8.4,data\guided_frames\basketball__v_6OLC1-bhioc_c006_00\frame_04_idx_000210.jpg,33.211667,1.0,26,11.016548,0.237905,11.254452,1.0,0,0.0,0.0,0.86,0.57,0.29,0.14,guided_motion_yolo,5,15,326,25.0
basketball/v_6OLC1-bhioc_c006_00,5,225,9.0,data\guided_frames\basketball__v_6OLC1-bhioc_c006_00\frame_05_idx_000225.jpg,28.969375,0.872265,24,9.989222,0.219255,10.208477,0.843703,0,0.0,0.0,0.741865,0.57,0.29,0.14,guided_motion_yolo,5,15,326,25.0
basketball/v_6OLC1-bhioc_c006_00,6,240,9.6,data\guided_frames\basketball__v_6OLC1-bhioc_c006_00\frame_06_idx_000240.jpg,28.964115,0.872107,24,9.505094,0.235901,9.740995,0.773848,0,0.0,0.0,0.721517,0.57,0.29,0.14,guided_motion_yolo,5,15,326,25.0
basketball/v_6OLC1-bhioc_c006_00,7,260,10.4,data\guided_frames\basketball__v_6OLC1-bhioc_c006_00\frame_07_idx_000260.jpg,26.673003,0.803122,17,7.097164,0.201642,7.298806,0.408919,0,0.0,0.0,0.576366,0.57,0.29,0.14,guided_motion_yolo,5,15,326,25.0
basketball/v_6OLC1-bhioc_c006_00,8,290,11.6,data\guided_frames\basketball__v_6OLC1-bhioc_c006_00\frame_08_idx_000290.jpg,28.729774,0.865051,14,6.336256,0.133888,6.470144,0.285094,0,0.0,0.0,0.575756,0.57,0.29,0.14,guided_motion_yolo,5,15,326,25.0
basketball/v_6oTxfzKdG6Q_c005_00,1,100,4.0,data\guided_frames\basketball__v_6oTxfzKdG6Q_c005_00\frame_01_idx_000100.jpg,17.392726,0.973432,11,5.992848,0.091552,6.0844,0.410733,0,0.0,0.0,0.673969,0.57,0.29,0.14,guided_motion_yolo,5,15,375,25.0
basketball/v_6oTxfzKdG6Q_c005_00,2,125,5.0,data\guided_frames\basketball__v_6oTxfzKdG6Q_c005_00\frame_02_idx_000125.jpg,17.663889,0.988608,14,8.039001,0.124214,8.163215,0.672779,0,0.0,0.0,0.758613,0.57,0.29,0.14,guided_motion_yolo,5,15,375,25.0
basketball/v_6oTxfzKdG6Q_c005_00,3,145,5.8,data\guided_frames\basketball__v_6oTxfzKdG6Q_c005_00\frame_03_idx_000145.jpg,17.867431,1.0,11,7.105093,0.104191,7.209285,0.552531,0,0.0,0.0,0.730234,0.57,0.29,0.14,guided_motion_yolo,5,15,375,25.0
basketball/v_6oTxfzKdG6Q_c005_00,4,165,6.6,data\guided_frames\basketball__v_6oTxfzKdG6Q_c005_00\frame_04_idx_000165.jpg,16.71441,0.935468,14,7.581134,0.117612,7.698746,0.61423,0,0.0,0.0,0.711343,0.57,0.29,0.14,guided_motion_yolo,5,15,375,25.0
basketball/v_6oTxfzKdG6Q_c005_00,5,190,7.6,data\guided_frames\basketball__v_6oTxfzKdG6Q_c005_00\frame_05_idx_000190.jpg,15.442222,0.864267,12,7.062226,0.098373,7.160599,0.546394,0,0.0,0.0,0.651086,0.57,0.29,0.14,guided_motion_yolo,5,15,375,25.0
basketball/v_6oTxfzKdG6Q_c005_00,6,205,8.2,data\guided_frames\basketball__v_6oTxfzKdG6Q_c005_00\frame_06_idx_000205.jpg,16.505694,0.923787,12,5.635518,0.113344,5.748861,0.368437,1,0.681092,1.0,0.773405,0.57,0.29,0.14,guided_motion_yolo,5,15,375,25.0
basketball/v_6oTxfzKdG6Q_c005_00,7,235,9.4,data\guided_frames\basketball__v_6oTxfzKdG6Q_c005_00\frame_07_idx_000235.jpg,14.320017,0.801459,12,6.848657,0.125305,6.973962,0.522867,0,0.0,0.0,0.608463,0.57,0.29,0.14,guided_motion_yolo,5,15,375,25.0
basketball/v_6oTxfzKdG6Q_c005_00,8,370,14.8,data\guided_frames\basketball__v_6oTxfzKdG6Q_c005_00\frame_08_idx_000370.jpg,14.898802,0.833853,17,10.476698,0.282371,10.759069,1.0,0,0.0,0.0,0.765296,0.57,0.29,0.14,guided_motion_yolo,5,15,375,25.0
basketball/v_7FTsO8S3h88_c003_00,1,10,0.4,data\guided_frames\basketball__v_7FTsO8S3h88_c003_00\frame_01_idx_000010.jpg,29.922622,0.988981,15,8.282691,0.127058,8.409748,0.68273,0,0.0,0.0,0.761711,0.57,0.29,0.14,guided_motion_yolo,5,15,375,25.0
basketball/v_7FTsO8S3h88_c003_00,2,30,1.2,data\guided_frames\basketball__v_7FTsO8S3h88_c003_00\frame_02_idx_000030.jpg,24.635816,0.814245,15,9.602383,0.183377,9.785761,0.987618,0,0.0,0.0,0.750529,0.57,0.29,0.14,guided_motion_yolo,5,15,375,25.0
basketball/v_7FTsO8S3h88_c003_00,3,45,1.8,data\guided_frames\basketball__v_7FTsO8S3h88_c003_00\frame_03_idx_000045.jpg,21.347656,0.705567,13,8.325891,0.172994,8.498884,0.70248,0,0.0,0.0,0.605893,0.57,0.29,0.14,guided_motion_yolo,5,15,375,25.0
basketball/v_7FTsO8S3h88_c003_00,4,70,2.8,data\guided_frames\basketball__v_7FTsO8S3h88_c003_00\frame_04_idx_000070.jpg,16.675208,0.551137,16,9.006236,0.194695,9.200931,0.858035,0,0.0,0.0,0.562978,0.57,0.29,0.14,guided_motion_yolo,5,15,375,25.0
basketball/v_7FTsO8S3h88_c003_00,5,180,7.2,data\guided_frames\basketball__v_7FTsO8S3h88_c003_00\frame_05_idx_000180.jpg,9.132934,0.301855,18,8.145764,0.227417,8.373181,0.674628,0,0.0,0.0,0.367699,0.57,0.29,0.14,guided_motion_yolo,5,15,375,25.0
basketball/v_7FTsO8S3h88_c003_00,6,210,8.4,data\guided_frames\basketball__v_7FTsO8S3h88_c003_00\frame_06_idx_000210.jpg,6.111701,0.201999,15,8.699195,0.197617,8.896813,0.790651,0,0.0,0.0,0.344428,0.57,0.29,0.14,guided_motion_yolo,5,15,375,25.0
basketball/v_7FTsO8S3h88_c003_00,7,320,12.8,data\guided_frames\basketball__v_7FTsO8S3h88_c003_00\frame_07_idx_000320.jpg,14.867309,0.491383,14,8.510422,0.17573,8.686151,0.743974,0,0.0,0.0,0.495841,0.57,0.29,0.14,guided_motion_yolo,5,15,375,25.0
basketball/v_7FTsO8S3h88_c003_00,8,365,14.6,data\guided_frames\basketball__v_7FTsO8S3h88_c003_00\frame_08_idx_000365.jpg,10.423229,0.344501,14,7.952976,0.163104,8.11608,0.617661,0,0.0,0.0,0.375487,0.57,0.29,0.14,guided_motion_yolo,5,15,375,25.0
basketball/v_A4OJhlI6hgc_c005_02,1,15,0.6,data\guided_frames\basketball__v_A4OJhlI6hgc_c005_02\frame_01_idx_000015.jpg,16.491771,0.995695,17,9.739142,0.155854,9.894996,0.953241,0,0.0,0.0,0.843986,0.57,0.29,0.14,guided_motion_yolo,5,15,175,25.0
basketball/v_A4OJhlI6hgc_c005_02,2,30,1.2,data\guided_frames\basketball__v_A4OJhlI6hgc_c005_02\frame_02_idx_000030.jpg,13.086319,0.79009,15,8.906382,0.141143,9.047524,0.620272,0,0.0,0.0,0.63023,0.57,0.29,0.14,guided_motion_yolo,5,15,175,25.0
basketball/v_A4OJhlI6hgc_c005_02,3,50,2.0,data\guided_frames\basketball__v_A4OJhlI6hgc_c005_02\frame_03_idx_000050.jpg,11.470139,0.692513,17,9.781603,0.146881,9.928485,0.966399,0,0.0,0.0,0.674988,0.57,0.29,0.14,guided_motion_yolo,5,15,175,25.0
basketball/v_A4OJhlI6hgc_c005_02,4,80,3.2,data\guided_frames\basketball__v_A4OJhlI6hgc_c005_02\frame_04_idx_000080.jpg,8.198646,0.494995,15,8.013639,0.150877,8.164516,0.273341,0,0.0,0.0,0.361416,0.57,0.29,0.14,guided_motion_yolo,5,15,175,25.0
basketball/v_A4OJhlI6hgc_c005_02,5,95,3.8,data\guided_frames\basketball__v_A4OJhlI6hgc_c005_02\frame_05_idx_000095.jpg,12.177865,0.735242,15,9.139458,0.138691,9.278149,0.710884,0,0.0,0.0,0.625244,0.57,0.29,0.14,guided_motion_yolo,5,15,175,25.0
basketball/v_A4OJhlI6hgc_c005_02,6,115,4.6,data\guided_frames\basketball__v_A4OJhlI6hgc_c005_02\frame_06_idx_000115.jpg,5.360069,0.323616,15,8.830441,0.1224,8.952841,0.583072,0,0.0,0.0,0.353552,0.57,0.29,0.14,guided_motion_yolo,5,15,175,25.0
basketball/v_A4OJhlI6hgc_c005_02,7,155,6.2,data\guided_frames\basketball__v_A4OJhlI6hgc_c005_02\frame_07_idx_000155.jpg,5.873559,0.354618,16,9.743345,0.155398,9.898743,0.954713,0,0.0,0.0,0.478999,0.57,0.29,0.14,guided_motion_yolo,5,15,175,25.0
basketball/v_A4OJhlI6hgc_c005_02,8,170,6.8,data\guided_frames\basketball__v_A4OJhlI6hgc_c005_02\frame_08_idx_000170.jpg,14.290017,0.862764,15,8.15066,0.131208,8.281868,0.319448,0,0.0,0.0,0.584415,0.57,0.29,0.14,guided_motion_yolo,5,15,175,25.0
basketball/v_C94HDW9HYzU_c001_00,1,70,2.8,data\guided_frames\basketball__v_C94HDW9HYzU_c001_00\frame_01_idx_000070.jpg,20.358628,0.927643,9,3.747517,0.034371,3.781888,0.252308,0,0.0,0.0,0.601926,0.57,0.29,0.14,guided_motion_yolo,5,15,325,25.0
basketball/v_C94HDW9HYzU_c001_00,2,150,6.0,data\guided_frames\basketball__v_C94HDW9HYzU_c001_00\frame_02_idx_000150.jpg,16.344705,0.744748,15,6.497684,0.097131,6.594815,0.587491,0,0.0,0.0,0.594879,0.57,0.29,0.14,guided_motion_yolo,5,15,325,25.0
basketball/v_C94HDW9HYzU_c001_00,3,165,6.6,data\guided_frames\basketball__v_C94HDW9HYzU_c001_00\frame_03_idx_000165.jpg,17.437899,0.79456,16,7.413787,0.1309,7.544687,0.700677,0,0.0,0.0,0.656095,0.57,0.29,0.14,guided_motion_yolo,5,15,325,25.0
basketball/v_C94HDW9HYzU_c001_00,4,180,7.2,data\guided_frames\basketball__v_C94HDW9HYzU_c001_00\frame_04_idx_000180.jpg,16.758472,0.763602,14,7.463384,0.124967,7.588351,0.70588,0,0.0,0.0,0.639958,0.57,0.29,0.14,guided_motion_yolo,5,15,325,25.0
basketball/v_C94HDW9HYzU_c001_00,5,195,7.8,data\guided_frames\basketball__v_C94HDW9HYzU_c001_00\frame_05_idx_000195.jpg,21.946615,1.0,17,8.51103,0.189842,8.700872,0.838446,0,0.0,0.0,0.813149,0.57,0.29,0.14,guided_motion_yolo,5,15,325,25.0
basketball/v_C94HDW9HYzU_c001_00,6,210,8.4,data\guided_frames\basketball__v_C94HDW9HYzU_c001_00\frame_06_idx_000210.jpg,20.704219,0.94339,16,9.809811,0.246856,10.056667,1.0,0,0.0,0.0,0.827732,0.57,0.29,0.14,guided_motion_yolo,5,15,325,25.0
basketball/v_C94HDW9HYzU_c001_00,7,225,9.0,data\guided_frames\basketball__v_C94HDW9HYzU_c001_00\frame_07_idx_000225.jpg,19.238993,0.876627,17,9.186031,0.280808,9.466838,0.929717,0,0.0,0.0,0.769295,0.57,0.29,0.14,guided_motion_yolo,5,15,325,25.0
basketball/v_C94HDW9HYzU_c001_00,8,245,9.8,data\guided_frames\basketball__v_C94HDW9HYzU_c001_00\frame_08_idx_000245.jpg,17.473698,0.796191,14,8.1888,0.283499,8.472299,0.811209,1,0.230464,1.0,0.82908,0.57,0.29,0.14,guided_motion_yolo,5,15,325,25.0
basketball/v_C94HDW9HYzU_c002_00,1,50,2.0,data\guided_frames\basketball__v_C94HDW9HYzU_c002_00\frame_01_idx_000050.jpg,20.782726,0.852637,18,8.134928,0.221005,8.355934,0.524204,0,0.0,0.0,0.638022,0.57,0.29,0.14,guided_motion_yolo,5,15,200,25.0
basketball/v_C94HDW9HYzU_c002_00,2,65,2.6,data\guided_frames\basketball__v_C94HDW9HYzU_c002_00\frame_02_idx_000065.jpg,16.00309,0.656546,19,9.127425,0.20571,9.333135,0.629702,0,0.0,0.0,0.556845,0.57,0.29,0.14,guided_motion_yolo,5,15,200,25.0
basketball/v_C94HDW9HYzU_c002_00,3,80,3.2,data\guided_frames\basketball__v_C94HDW9HYzU_c002_00\frame_03_idx_000080.jpg,18.682465,0.766471,22,10.582464,0.220396,10.80286,0.788372,0,0.0,0.0,0.665516,0.57,0.29,0.14,guided_motion_yolo,5,15,200,25.0
basketball/v_C94HDW9HYzU_c002_00,4,110,4.4,data\guided_frames\basketball__v_C94HDW9HYzU_c002_00\frame_04_idx_000110.jpg,16.841875,0.690959,22,11.607926,0.266437,11.874364,0.904051,0,0.0,0.0,0.656021,0.57,0.29,0.14,guided_motion_yolo,5,15,200,25.0
basketball/v_C94HDW9HYzU_c002_00,5,125,5.0,data\guided_frames\basketball__v_C94HDW9HYzU_c002_00\frame_05_idx_000125.jpg,24.374653,1.0,16,6.651598,0.179337,6.830935,0.359566,0,0.0,0.0,0.674274,0.57,0.29,0.14,guided_motion_yolo,5,15,200,25.0
basketball/v_C94HDW9HYzU_c002_00,6,145,5.8,data\guided_frames\basketball__v_C94HDW9HYzU_c002_00\frame_06_idx_000145.jpg,17.24349,0.707435,23,9.548487,0.237753,9.78624,0.678619,0,0.0,0.0,0.600038,0.57,0.29,0.14,guided_motion_yolo,5,15,200,25.0
basketball/v_C94HDW9HYzU_c002_00,7,160,6.4,data\guided_frames\basketball__v_C94HDW9HYzU_c002_00\frame_07_idx_000160.jpg,20.101493,0.824688,20,10.81865,0.261749,11.080399,0.818335,0,0.0,0.0,0.707389,0.57,0.29,0.14,guided_motion_yolo,5,15,200,25.0
basketball/v_C94HDW9HYzU_c002_00,8,175,7.0,data\guided_frames\basketball__v_C94HDW9HYzU_c002_00\frame_08_idx_000175.jpg,19.907517,0.81673,14,7.642078,0.260367,7.902446,0.475246,0,0.0,0.0,0.603357,0.57,0.29,0.14,guided_motion_yolo,5,15,200,25.0
basketball/v_DC3D_JZQUqQ_c009_00,1,135,5.4,data\guided_frames\basketball__v_DC3D_JZQUqQ_c009_00\frame_01_idx_000135.jpg,17.759948,0.769312,20,12.207662,0.220569,12.428232,0.898914,0,0.0,0.0,0.699193,0.57,0.29,0.14,guided_motion_yolo,5,15,375,25.0
basketball/v_DC3D_JZQUqQ_c009_00,2,150,6.0,data\guided_frames\basketball__v_DC3D_JZQUqQ_c009_00\frame_02_idx_000150.jpg,17.314514,0.750017,19,11.579167,0.213614,11.79278,0.819925,1,0.372189,1.0,0.805288,0.57,0.29,0.14,guided_motion_yolo,5,15,375,25.0
basketball/v_DC3D_JZQUqQ_c009_00,3,170,6.8,data\guided_frames\basketball__v_DC3D_JZQUqQ_c009_00\frame_03_idx_000170.jpg,23.085503,1.0,17,9.644278,0.207713,9.851991,0.578679,0,0.0,0.0,0.737817,0.57,0.29,0.14,guided_motion_yolo,5,15,375,25.0
basketball/v_DC3D_JZQUqQ_c009_00,4,185,7.4,data\guided_frames\basketball__v_DC3D_JZQUqQ_c009_00\frame_04_idx_000185.jpg,21.258681,0.920867,14,8.059593,0.191806,8.251399,0.379721,0,0.0,0.0,0.635013,0.57,0.29,0.14,guided_motion_yolo,5,15,375,25.0
basketball/v_DC3D_JZQUqQ_c009_00,5,310,12.4,data\guided_frames\basketball__v_DC3D_JZQUqQ_c009_00\frame_05_idx_000310.jpg,18.007778,0.780047,16,9.622896,0.223545,9.846441,0.577989,0,0.0,0.0,0.612244,0.57,0.29,0.14,guided_motion_yolo,5,15,375,25.0
basketball/v_DC3D_JZQUqQ_c009_00,6,325,13.0,data\guided_frames\basketball__v_DC3D_JZQUqQ_c009_00\frame_06_idx_000325.jpg,18.235052,0.789892,14,9.661474,0.209985,9.87146,0.581099,0,0.0,0.0,0.618757,0.57,0.29,0.14,guided_motion_yolo,5,15,375,25.0
basketball/v_DC3D_JZQUqQ_c009_00,7,345,13.8,data\guided_frames\basketball__v_DC3D_JZQUqQ_c009_00\frame_07_idx_000345.jpg,16.064861,0.695885,16,10.453599,0.229849,10.683447,0.682032,0,0.0,0.0,0.594444,0.57,0.29,0.14,guided_motion_yolo,5,15,375,25.0
basketball/v_DC3D_JZQUqQ_c009_00,8,370,14.8,data\guided_frames\basketball__v_DC3D_JZQUqQ_c009_00\frame_08_idx_000370.jpg,18.109826,0.784467,19,11.813836,0.233904,12.04774,0.851617,0,0.0,0.0,0.694115,0.57,0.29,0.14,guided_motion_yolo,5,15,375,25.0
basketball/v_DC3D_JZQUqQ_c011_01,1,10,0.4,data\guided_frames\basketball__v_DC3D_JZQUqQ_c011_01\frame_01_idx_000010.jpg,4.057066,0.253773,12,7.705895,0.13732,7.843214,0.702299,0,0.0,0.0,0.348317,0.57,0.29,0.14,guided_motion_yolo,5,15,101,25.0
basketball/v_DC3D_JZQUqQ_c011_01,2,15,0.6,data\guided_frames\basketball__v_DC3D_JZQUqQ_c011_01\frame_02_idx_000015.jpg,4.348177,0.271982,12,8.049257,0.149039,8.198296,0.842007,0,0.0,0.0,0.399212,0.57,0.29,0.14,guided_motion_yolo,5,15,101,25.0
basketball/v_DC3D_JZQUqQ_c011_01,3,25,1.0,data\guided_frames\basketball__v_DC3D_JZQUqQ_c011_01\frame_03_idx_000025.jpg,5.364497,0.335553,13,8.45756,0.142287,8.599847,1.0,0,0.0,0.0,0.481265,0.57,0.29,0.14,guided_motion_yolo,5,15,101,25.0
basketball/v_DC3D_JZQUqQ_c011_01,4,40,1.6,data\guided_frames\basketball__v_DC3D_JZQUqQ_c011_01\frame_04_idx_000040.jpg,4.149861,0.259577,15,8.434003,0.146952,8.580955,0.992566,0,0.0,0.0,0.435803,0.57,0.29,0.14,guided_motion_yolo,5,15,101,25.0
basketball/v_DC3D_JZQUqQ_c011_01,5,60,2.4,data\guided_frames\basketball__v_DC3D_JZQUqQ_c011_01\frame_05_idx_000060.jpg,4.219566,0.263937,14,7.318844,0.147199,7.466044,0.553899,0,0.0,0.0,0.311075,0.57,0.29,0.14,guided_motion_yolo,5,15,101,25.0
basketball/v_DC3D_JZQUqQ_c011_01,6,70,2.8,data\guided_frames\basketball__v_DC3D_JZQUqQ_c011_01\frame_06_idx_000070.jpg,4.498854,0.281407,14,7.908055,0.138579,8.046634,0.782335,0,0.0,0.0,0.387279,0.57,0.29,0.14,guided_motion_yolo,5,15,101,25.0
basketball/v_DC3D_JZQUqQ_c011_01,7,75,3.0,data\guided_frames\basketball__v_DC3D_JZQUqQ_c011_01\frame_07_idx_000075.jpg,4.682656,0.292904,14,8.241444,0.147563,8.389006,0.917043,0,0.0,0.0,0.432898,0.57,0.29,0.14,guided_motion_yolo,5,15,101,25.0
basketball/v_DC3D_JZQUqQ_c011_01,8,100,4.0,data\guided_frames\basketball__v_DC3D_JZQUqQ_c011_01\frame_08_idx_000100.jpg,15.987014,1.0,14,7.504241,0.135634,7.639874,0.622294,0,0.0,0.0,0.750465,0.57,0.29,0.14,guided_motion_yolo,5,15,101,25.0
basketball/v_EGtCLk5BksU_c012_00,1,10,0.4,data\guided_frames\basketball__v_EGtCLk5BksU_c012_00\frame_01_idx_000010.jpg,21.335243,0.964976,13,8.531976,0.131258,8.663233,0.939613,0,0.0,0.0,0.822524,0.57,0.29,0.14,guided_motion_yolo,5,15,375,25.0
basketball/v_EGtCLk5BksU_c012_00,2,30,1.2,data\guided_frames\basketball__v_EGtCLk5BksU_c012_00\frame_02_idx_000030.jpg,15.060417,0.681171,13,8.851633,0.122326,8.973959,1.0,0,0.0,0.0,0.678267,0.57,0.29,0.14,guided_motion_yolo,5,15,375,25.0
basketball/v_EGtCLk5BksU_c012_00,3,85,3.4,data\guided_frames\basketball__v_EGtCLk5BksU_c012_00\frame_03_idx_000085.jpg,14.71151,0.66539,14,7.905846,0.144083,8.049929,0.820423,0,0.0,0.0,0.617195,0.57,0.29,0.14,guided_motion_yolo,5,15,375,25.0
basketball/v_EGtCLk5BksU_c012_00,4,115,4.6,data\guided_frames\basketball__v_EGtCLk5BksU_c012_00\frame_04_idx_000115.jpg,11.523229,0.521187,11,7.807115,0.141782,7.948898,0.800788,1,0.504661,1.0,0.669305,0.57,0.29,0.14,guided_motion_yolo,5,15,375,25.0
basketball/v_EGtCLk5BksU_c012_00,5,175,7.0,data\guided_frames\basketball__v_EGtCLk5BksU_c012_00\frame_05_idx_000175.jpg,13.800937,0.624206,13,7.51974,0.138063,7.657803,0.744216,0,0.0,0.0,0.57162,0.57,0.29,0.14,guided_motion_yolo,5,15,375,25.0
basketball/v_EGtCLk5BksU_c012_00,6,195,7.8,data\guided_frames\basketball__v_EGtCLk5BksU_c012_00\frame_06_idx_000195.jpg,14.912049,0.67446,12,6.80571,0.14438,6.95009,0.606678,0,0.0,0.0,0.560379,0.57,0.29,0.14,guided_motion_yolo,5,15,375,25.0
basketball/v_EGtCLk5BksU_c012_00,7,225,9.0,data\guided_frames\basketball__v_EGtCLk5BksU_c012_00\frame_07_idx_000225.jpg,12.602153,0.569986,14,7.991719,0.150572,8.142291,0.838373,0,0.0,0.0,0.56802,0.57,0.29,0.14,guided_motion_yolo,5,15,375,25.0
basketball/v_EGtCLk5BksU_c012_00,8,260,10.4,data\guided_frames\basketball__v_EGtCLk5BksU_c012_00\frame_08_idx_000260.jpg,14.347882,0.648944,12,6.854536,0.188533,7.043069,0.624748,0,0.0,0.0,0.551075,0.57,0.29,0.14,guided_motion_yolo,5,15,375,25.0
basketball/v_ERsBxGv2JxY_c015_01,1,225,9.0,data\guided_frames\basketball__v_ERsBxGv2JxY_c015_01\frame_01_idx_000225.jpg,13.891042,0.671279,15,8.721649,0.192231,8.913881,0.833816,0,0.0,0.0,0.624436,0.57,0.29,0.14,guided_motion_yolo,5,15,375,25.0
basketball/v_ERsBxGv2JxY_c015_01,2,245,9.8,data\guided_frames\basketball__v_ERsBxGv2JxY_c015_01\frame_02_idx_000245.jpg,15.692309,0.758324,13,8.178869,0.141121,8.31999,0.697472,0,0.0,0.0,0.634512,0.57,0.29,0.14,guided_motion_yolo,5,15,375,25.0
basketball/v_ERsBxGv2JxY_c015_01,3,270,10.8,data\guided_frames\basketball__v_ERsBxGv2JxY_c015_01\frame_03_idx_000270.jpg,16.784705,0.811114,16,9.249822,0.19747,9.447293,0.956276,1,0.280096,0.571914,0.819723,0.57,0.29,0.14,guided_motion_yolo,5,15,375,25.0
basketball/v_ERsBxGv2JxY_c015_01,4,285,11.4,data\guided_frames\basketball__v_ERsBxGv2JxY_c015_01\frame_04_idx_000285.jpg,14.975035,0.723662,16,9.120177,0.194128,9.314305,0.925745,0,0.0,0.0,0.680954,0.57,0.29,0.14,guided_motion_yolo,5,15,375,25.0
basketball/v_ERsBxGv2JxY_c015_01,5,300,12.0,data\guided_frames\basketball__v_ERsBxGv2JxY_c015_01\frame_05_idx_000300.jpg,14.181823,0.685331,16,7.753964,0.193673,7.947638,0.611988,1,0.489753,1.0,0.708115,0.57,0.29,0.14,guided_motion_yolo,5,15,375,25.0
basketball/v_ERsBxGv2JxY_c015_01,6,335,13.4,data\guided_frames\basketball__v_ERsBxGv2JxY_c015_01\frame_06_idx_000335.jpg,17.367135,0.83926,12,6.15661,0.111777,6.268387,0.226469,0,0.0,0.0,0.544054,0.57,0.29,0.14,guided_motion_yolo,5,15,375,25.0
basketball/v_ERsBxGv2JxY_c015_01,7,350,14.0,data\guided_frames\basketball__v_ERsBxGv2JxY_c015_01\frame_07_idx_000350.jpg,20.436007,0.987561,15,7.592128,0.165088,7.757216,0.568272,0,0.0,0.0,0.727709,0.57,0.29,0.14,guided_motion_yolo,5,15,375,25.0
basketball/v_ERsBxGv2JxY_c015_01,8,365,14.6,data\guided_frames\basketball__v_ERsBxGv2JxY_c015_01\frame_08_idx_000365.jpg,19.307847,0.933044,16,7.660419,0.143495,7.803913,0.578992,0,0.0,0.0,0.699743,0.57,0.29,0.14,guided_motion_yolo,5,15,375,25.0
basketball/v_I-tZTTBt3rc_c008_00,1,10,0.4,data\guided_frames\basketball__v_I-tZTTBt3rc_c008_00\frame_01_idx_000010.jpg,12.535503,0.216948,12,6.861276,0.128373,6.989649,0.686849,1,0.337931,0.521992,0.395926,0.57,0.29,0.14,guided_motion_yolo,5,15,150,25.0
basketball/v_I-tZTTBt3rc_c008_00,2,30,1.2,data\guided_frames\basketball__v_I-tZTTBt3rc_c008_00\frame_02_idx_000030.jpg,11.731649,0.203036,15,7.489487,0.177166,7.666653,0.77315,1,0.429127,0.66286,0.432745,0.57,0.29,0.14,guided_motion_yolo,5,15,150,25.0
basketball/v_I-tZTTBt3rc_c008_00,3,50,2.0,data\guided_frames\basketball__v_I-tZTTBt3rc_c008_00\frame_03_idx_000050.jpg,17.982465,0.311217,15,7.524822,0.17829,7.703112,0.777798,2,0.495583,0.765511,0.510127,0.57,0.29,0.14,guided_motion_yolo,5,15,150,25.0
basketball/v_I-tZTTBt3rc_c008_00,4,70,2.8,data\guided_frames\basketball__v_I-tZTTBt3rc_c008_00\frame_04_idx_000070.jpg,15.696545,0.271655,17,9.231267,0.214949,9.446216,1.0,0,0.0,0.0,0.444844,0.57,0.29,0.14,guided_motion_yolo,5,15,150,25.0
basketball/v_I-tZTTBt3rc_c008_00,5,90,3.6,data\guided_frames\basketball__v_I-tZTTBt3rc_c008_00\frame_05_idx_000090.jpg,22.460573,0.388718,16,8.803218,0.260126,9.063344,0.951193,1,0.609667,0.941734,0.629258,0.57,0.29,0.14,guided_motion_yolo,5,15,150,25.0
basketball/v_I-tZTTBt3rc_c008_00,6,105,4.2,data\guided_frames\basketball__v_I-tZTTBt3rc_c008_00\frame_06_idx_000105.jpg,20.671563,0.357756,17,7.367902,0.294426,7.662328,0.772599,0,0.0,0.0,0.427975,0.57,0.29,0.14,guided_motion_yolo,5,15,150,25.0
basketball/v_I-tZTTBt3rc_c008_00,7,120,4.8,data\guided_frames\basketball__v_I-tZTTBt3rc_c008_00\frame_07_idx_000120.jpg,20.250816,0.350475,12,7.048385,0.244341,7.292726,0.725484,0,0.0,0.0,0.410161,0.57,0.29,0.14,guided_motion_yolo,5,15,150,25.0
basketball/v_I-tZTTBt3rc_c008_00,8,135,5.4,data\guided_frames\basketball__v_I-tZTTBt3rc_c008_00\frame_08_idx_000135.jpg,57.781111,1.0,3,1.338973,0.629785,1.968758,0.046811,0,0.0,0.0,0.583575,0.57,0.29,0.14,guided_motion_yolo,5,15,150,25.0
basketball/v_InvO0NFpSIw_c606_00,1,5,0.2,data\guided_frames\basketball__v_InvO0NFpSIw_c606_00\frame_01_idx_000005.jpg,30.178003,1.0,10,6.106401,0.208202,6.314603,0.362698,0,0.0,0.0,0.675182,0.57,0.29,0.14,guided_motion_yolo,5,15,125,25.0
basketball/v_InvO0NFpSIw_c606_00,2,30,1.2,data\guided_frames\basketball__v_InvO0NFpSIw_c606_00\frame_02_idx_000030.jpg,23.687396,0.784923,15,7.717771,0.183086,7.900857,0.744898,0,0.0,0.0,0.663426,0.57,0.29,0.14,guided_motion_yolo,5,15,125,25.0
basketball/v_InvO0NFpSIw_c606_00,3,45,1.8,data\guided_frames\basketball__v_InvO0NFpSIw_c606_00\frame_03_idx_000045.jpg,23.857899,0.790572,19,8.729669,0.229944,8.959613,1.0,0,0.0,0.0,0.740626,0.57,0.29,0.14,guided_motion_yolo,5,15,125,25.0
basketball/v_InvO0NFpSIw_c606_00,4,50,2.0,data\guided_frames\basketball__v_InvO0NFpSIw_c606_00\frame_04_idx_000050.jpg,23.623108,0.782792,16,7.649202,0.206096,7.855298,0.733921,0,0.0,0.0,0.659029,0.57,0.29,0.14,guided_motion_yolo,5,15,125,25.0
basketball/v_InvO0NFpSIw_c606_00,5,65,2.6,data\guided_frames\basketball__v_InvO0NFpSIw_c606_00\frame_05_idx_000065.jpg,20.591458,0.682333,15,6.588375,0.141832,6.730208,0.462836,0,0.0,0.0,0.523152,0.57,0.29,0.14,guided_motion_yolo,5,15,125,25.0
basketball/v_InvO0NFpSIw_c606_00,6,80,3.2,data\guided_frames\basketball__v_InvO0NFpSIw_c606_00\frame_06_idx_000080.jpg,13.582812,0.45009,15,6.767758,0.139047,6.906805,0.505386,0,0.0,0.0,0.403113,0.57,0.29,0.14,guided_motion_yolo,5,15,125,25.0
basketball/v_InvO0NFpSIw_c606_00,7,95,3.8,data\guided_frames\basketball__v_InvO0NFpSIw_c606_00\frame_07_idx_000095.jpg,7.832726,0.259551,13,6.071297,0.130101,6.201398,0.335422,0,0.0,0.0,0.245216,0.57,0.29,0.14,guided_motion_yolo,5,15,125,25.0
basketball/v_InvO0NFpSIw_c606_00,8,115,4.6,data\guided_frames\basketball__v_InvO0NFpSIw_c606_00\frame_08_idx_000115.jpg,19.647431,0.651051,16,8.569876,0.190618,8.760494,0.952023,0,0.0,0.0,0.647186,0.57,0.29,0.14,guided_motion_yolo,5,15,125,25.0
basketball/v_SHFVKZ6HJc8_c012_01,1,5,0.2,data\guided_frames\basketball__v_SHFVKZ6HJc8_c012_01\frame_01_idx_000005.jpg,20.029601,0.620166,13,7.321904,0.189694,7.511597,0.552759,0,0.0,0.0,0.513795,0.57,0.29,0.14,guided_motion_yolo,5,15,375,25.0
basketball/v_SHFVKZ6HJc8_c012_01,2,40,1.6,data\guided_frames\basketball__v_SHFVKZ6HJc8_c012_01\frame_02_idx_000040.jpg,17.384288,0.538261,17,8.271308,0.211189,8.482496,0.773099,0,0.0,0.0,0.531007,0.57,0.29,0.14,guided_motion_yolo,5,15,375,25.0
basketball/v_SHFVKZ6HJc8_c012_01,3,85,3.4,data\guided_frames\basketball__v_SHFVKZ6HJc8_c012_01\frame_03_idx_000085.jpg,12.986128,0.402083,18,8.974373,0.233381,9.207754,0.937691,0,0.0,0.0,0.501118,0.57,0.29,0.14,guided_motion_yolo,5,15,375,25.0
basketball/v_SHFVKZ6HJc8_c012_01,4,100,4.0,data\guided_frames\basketball__v_SHFVKZ6HJc8_c012_01\frame_04_idx_000100.jpg,23.826667,0.737733,15,8.82312,0.244692,9.067812,0.905932,1,0.804717,1.0,0.823228,0.57,0.29,0.14,guided_motion_yolo,5,15,375,25.0
basketball/v_SHFVKZ6HJc8_c012_01,5,115,4.6,data\guided_frames\basketball__v_SHFVKZ6HJc8_c012_01\frame_05_idx_000115.jpg,28.306997,0.876455,16,8.462776,0.292105,8.754881,0.834915,0,0.0,0.0,0.741704,0.57,0.29,0.14,guided_motion_yolo,5,15,375,25.0
basketball/v_SHFVKZ6HJc8_c012_01,6,145,5.8,data\guided_frames\basketball__v_SHFVKZ6HJc8_c012_01\frame_06_idx_000145.jpg,23.926823,0.740834,11,6.763187,0.27885,7.042036,0.446196,1,0.654186,0.812939,0.665483,0.57,0.29,0.14,guided_motion_yolo,5,15,375,25.0
basketball/v_SHFVKZ6HJc8_c012_01,7,170,6.8,data\guided_frames\basketball__v_SHFVKZ6HJc8_c012_01\frame_07_idx_000170.jpg,22.926128,0.70985,10,6.320834,0.153732,6.474566,0.317412,0,0.0,0.0,0.496664,0.57,0.29,0.14,guided_motion_yolo,5,15,375,25.0
basketball/v_SHFVKZ6HJc8_c012_01,8,200,8.0,data\guided_frames\basketball__v_SHFVKZ6HJc8_c012_01\frame_08_idx_000200.jpg,20.378056,0.630955,15,8.794693,0.194294,8.988987,0.888043,0,0.0,0.0,0.617177,0.57,0.29,0.14,guided_motion_yolo,5,15,375,25.0
basketball/v_SHFVKZ6HJc8_c602_00,1,5,0.2,data\guided_frames\basketball__v_SHFVKZ6HJc8_c602_00\frame_01_idx_000005.jpg,25.32599,0.82255,13,6.738439,0.204336,6.942775,0.403163,0,0.0,0.0,0.585771,0.57,0.29,0.14,guided_motion_yolo,5,15,225,25.0
basketball/v_SHFVKZ6HJc8_c602_00,2,25,1.0,data\guided_frames\basketball__v_SHFVKZ6HJc8_c602_00\frame_02_idx_000025.jpg,22.659045,0.735932,11,6.698629,0.127059,6.825689,0.386909,0,0.0,0.0,0.531685,0.57,0.29,0.14,guided_motion_yolo,5,15,225,25.0
basketball/v_SHFVKZ6HJc8_c602_00,3,45,1.8,data\guided_frames\basketball__v_SHFVKZ6HJc8_c602_00\frame_03_idx_000045.jpg,12.99967,0.42221,14,8.199069,0.158171,8.35724,0.59952,1,0.74696,1.0,0.55452,0.57,0.29,0.14,guided_motion_yolo,5,15,225,25.0
basketball/v_SHFVKZ6HJc8_c602_00,4,100,4.0,data\guided_frames\basketball__v_SHFVKZ6HJc8_c602_00\frame_04_idx_000100.jpg,12.736094,0.413649,15,8.242631,0.195223,8.437854,0.610711,0,0.0,0.0,0.412886,0.57,0.29,0.14,guided_motion_yolo,5,15,225,25.0
basketball/v_SHFVKZ6HJc8_c602_00,5,120,4.8,data\guided_frames\basketball__v_SHFVKZ6HJc8_c602_00\frame_05_idx_000120.jpg,11.925104,0.387309,13,6.235882,0.150912,6.386794,0.325981,1,0.325559,0.435845,0.376319,0.57,0.29,0.14,guided_motion_yolo,5,15,225,25.0
basketball/v_SHFVKZ6HJc8_c602_00,6,175,7.0,data\guided_frames\basketball__v_SHFVKZ6HJc8_c602_00\frame_06_idx_000175.jpg,24.766788,0.804388,10,6.257585,0.189915,6.4475,0.334408,0,0.0,0.0,0.55548,0.57,0.29,0.14,guided_motion_yolo,5,15,225,25.0
basketball/v_SHFVKZ6HJc8_c602_00,7,195,7.8,data\guided_frames\basketball__v_SHFVKZ6HJc8_c602_00\frame_07_idx_000195.jpg,30.789601,1.0,12,6.793961,0.197906,6.991867,0.409978,0,0.0,0.0,0.688894,0.57,0.29,0.14,guided_motion_yolo,5,15,225,25.0
basketball/v_SHFVKZ6HJc8_c602_00,8,210,8.4,data\guided_frames\basketball__v_SHFVKZ6HJc8_c602_00\frame_08_idx_000210.jpg,27.294062,0.88647,17,9.529762,0.225255,9.755017,0.793561,0,0.0,0.0,0.735421,0.57,0.29,0.14,guided_motion_yolo,5,15,225,25.0
basketball/v_SHFVKZ6HJc8_c603_00,1,5,0.2,data\guided_frames\basketball__v_SHFVKZ6HJc8_c603_00\frame_01_idx_000005.jpg,23.912274,0.32164,18,10.283524,0.235764,10.519288,0.922029,0,0.0,0.0,0.450723,0.57,0.29,0.14,guided_motion_yolo,5,15,175,25.0
basketball/v_SHFVKZ6HJc8_c603_00,2,25,1.0,data\guided_frames\basketball__v_SHFVKZ6HJc8_c603_00\frame_02_idx_000025.jpg,10.757587,0.144698,19,10.346617,0.26503,10.611647,0.931371,1,0.204964,1.0,0.492576,0.57,0.29,0.14,guided_motion_yolo,5,15,175,25.0
basketball/v_SHFVKZ6HJc8_c603_00,3,45,1.8,data\guided_frames\basketball__v_SHFVKZ6HJc8_c603_00\frame_03_idx_000045.jpg,14.790139,0.19894,17,8.291599,0.195198,8.486798,0.716431,0,0.0,0.0,0.321161,0.57,0.29,0.14,guided_motion_yolo,5,15,175,25.0
basketball/v_SHFVKZ6HJc8_c603_00,4,60,2.4,data\guided_frames\basketball__v_SHFVKZ6HJc8_c603_00\frame_04_idx_000060.jpg,22.145764,0.297879,20,10.381125,0.222795,10.60392,0.93059,0,0.0,0.0,0.439662,0.57,0.29,0.14,guided_motion_yolo,5,15,175,25.0
basketball/v_SHFVKZ6HJc8_c603_00,5,75,3.0,data\guided_frames\basketball__v_SHFVKZ6HJc8_c603_00\frame_05_idx_000075.jpg,15.303351,0.205843,16,9.095475,0.178546,9.274021,0.796063,0,0.0,0.0,0.348189,0.57,0.29,0.14,guided_motion_yolo,5,15,175,25.0
basketball/v_SHFVKZ6HJc8_c603_00,6,125,5.0,data\guided_frames\basketball__v_SHFVKZ6HJc8_c603_00\frame_06_idx_000125.jpg,12.161997,0.163589,19,11.04882,0.241274,11.290094,1.0,0,0.0,0.0,0.383246,0.57,0.29,0.14,guided_motion_yolo,5,15,175,25.0
basketball/v_SHFVKZ6HJc8_c603_00,7,145,5.8,data\guided_frames\basketball__v_SHFVKZ6HJc8_c603_00\frame_07_idx_000145.jpg,10.469809,0.140828,17,10.843375,0.194447,11.037821,0.974481,0,0.0,0.0,0.362871,0.57,0.29,0.14,guided_motion_yolo,5,15,175,25.0
basketball/v_SHFVKZ6HJc8_c603_00,8,170,6.8,data\guided_frames\basketball__v_SHFVKZ6HJc8_c603_00\frame_08_idx_000170.jpg,74.344896,1.0,1,0.932951,0.471365,1.404315,-0.0,0,0.0,0.0,0.57,0.57,0.29,0.14,guided_motion_yolo,5,15,175,25.0
basketball/v_UPbRcF0SSo0_c010_01,1,5,0.2,data\guided_frames\basketball__v_UPbRcF0SSo0_c010_01\frame_01_idx_000005.jpg,23.525503,1.0,24,11.666733,0.199228,11.865961,1.0,0,0.0,0.0,0.86,0.57,0.29,0.14,guided_motion_yolo,5,15,50,25.0
basketball/v_UPbRcF0SSo0_c010_01,2,10,0.4,data\guided_frames\basketball__v_UPbRcF0SSo0_c010_01\frame_02_idx_000010.jpg,22.188212,0.943156,18,10.323526,0.183343,10.50687,0.673487,0,0.0,0.0,0.73291,0.57,0.29,0.14,guided_motion_yolo,5,15,50,25.0
basketball/v_UPbRcF0SSo0_c010_01,3,15,0.6,data\guided_frames\basketball__v_UPbRcF0SSo0_c010_01\frame_03_idx_000015.jpg,21.946632,0.932887,18,9.218842,0.153883,9.372725,0.401017,0,0.0,0.0,0.64804,0.57,0.29,0.14,guided_motion_yolo,5,15,50,25.0
basketball/v_UPbRcF0SSo0_c010_01,4,20,0.8,data\guided_frames\basketball__v_UPbRcF0SSo0_c010_01\frame_04_idx_000020.jpg,22.092292,0.939078,18,9.49917,0.162261,9.661431,0.470376,0,0.0,0.0,0.671684,0.57,0.29,0.14,guided_motion_yolo,5,15,50,25.0
basketball/v_UPbRcF0SSo0_c010_01,5,25,1.0,data\guided_frames\basketball__v_UPbRcF0SSo0_c010_01\frame_05_idx_000025.jpg,19.730226,0.838674,14,8.332732,0.11236,8.445091,0.178159,0,0.0,0.0,0.52971,0.57,0.29,0.14,guided_motion_yolo,5,15,50,25.0
basketball/v_UPbRcF0SSo0_c010_01,6,30,1.2,data\guided_frames\basketball__v_UPbRcF0SSo0_c010_01\frame_06_idx_000030.jpg,15.739097,0.669023,13,8.285214,0.126215,8.41143,0.170072,0,0.0,0.0,0.430664,0.57,0.29,0.14,guided_motion_yolo,5,15,50,25.0
basketball/v_UPbRcF0SSo0_c010_01,7,35,1.4,data\guided_frames\basketball__v_UPbRcF0SSo0_c010_01\frame_07_idx_000035.jpg,11.274635,0.479252,15,8.308793,0.124501,8.433294,0.175325,0,0.0,0.0,0.324018,0.57,0.29,0.14,guided_motion_yolo,5,15,50,25.0
basketball/v_UPbRcF0SSo0_c010_01,8,40,1.6,data\guided_frames\basketball__v_UPbRcF0SSo0_c010_01\frame_08_idx_000040.jpg,9.320833,0.396201,18,8.901656,0.164574,9.066229,0.327383,0,0.0,0.0,0.320776,0.57,0.29,0.14,guided_motion_yolo,5,15,50,25.0
basketball/v_V4tIg2zSbWU_c007_00,1,50,2.0,data\guided_frames\basketball__v_V4tIg2zSbWU_c007_00\frame_01_idx_000050.jpg,68.969253,1.0,11,4.822856,0.240988,5.063844,0.652587,1,0.20515,0.255607,0.795035,0.57,0.29,0.14,guided_motion_yolo,5,15,275,25.0
basketball/v_V4tIg2zSbWU_c007_00,2,70,2.8,data\guided_frames\basketball__v_V4tIg2zSbWU_c007_00\frame_02_idx_000070.jpg,23.536302,0.341258,13,5.280536,0.259509,5.540045,0.746261,1,0.360662,0.449367,0.473844,0.57,0.29,0.14,guided_motion_yolo,5,15,275,25.0
basketball/v_V4tIg2zSbWU_c007_00,3,90,3.6,data\guided_frames\basketball__v_V4tIg2zSbWU_c007_00\frame_03_idx_000090.jpg,15.697795,0.227606,9,4.694508,0.2255,4.920008,0.624293,1,0.624619,0.778244,0.419734,0.57,0.29,0.14,guided_motion_yolo,5,15,275,25.0
basketball/v_V4tIg2zSbWU_c007_00,4,105,4.2,data\guided_frames\basketball__v_V4tIg2zSbWU_c007_00\frame_04_idx_000105.jpg,9.255868,0.134203,7,4.245809,0.220074,4.465883,0.534962,1,0.785804,0.979073,0.368705,0.57,0.29,0.14,guided_motion_yolo,5,15,275,25.0
basketball/v_V4tIg2zSbWU_c007_00,5,135,5.4,data\guided_frames\basketball__v_V4tIg2zSbWU_c007_00\frame_05_idx_000135.jpg,22.217153,0.322131,7,4.042013,0.201084,4.243097,0.491138,1,0.8026,1.0,0.466045,0.57,0.29,0.14,guided_motion_yolo,5,15,275,25.0
basketball/v_V4tIg2zSbWU_c007_00,6,155,6.2,data\guided_frames\basketball__v_V4tIg2zSbWU_c007_00\frame_06_idx_000155.jpg,49.042431,0.711077,9,5.925341,0.192141,6.117482,0.859849,0,0.0,0.0,0.65467,0.57,0.29,0.14,guided_motion_yolo,5,15,275,25.0
basketball/v_V4tIg2zSbWU_c007_00,7,245,9.8,data\guided_frames\basketball__v_V4tIg2zSbWU_c007_00\frame_07_idx_000245.jpg,51.181024,0.742085,4,1.730545,1.0,2.730545,0.193603,0,0.0,0.0,0.479133,0.57,0.29,0.14,guided_motion_yolo,5,15,275,25.0
basketball/v_V4tIg2zSbWU_c007_00,8,270,10.8,data\guided_frames\basketball__v_V4tIg2zSbWU_c007_00\frame_08_idx_000270.jpg,36.819306,0.533851,3,1.745605,1.0,2.745605,0.196565,0,0.0,0.0,0.361299,0.57,0.29,0.14,guided_motion_yolo,5,15,275,25.0
basketball/v_aVfJwdQxCsU_c007_00,1,180,7.2,data\guided_frames\basketball__v_aVfJwdQxCsU_c007_00\frame_01_idx_000180.jpg,18.682986,0.545372,14,6.430047,0.200217,6.630264,0.550205,0,0.0,0.0,0.470422,0.57,0.29,0.14,guided_motion_yolo,5,15,375,25.0
basketball/v_aVfJwdQxCsU_c007_00,2,270,10.8,data\guided_frames\basketball__v_aVfJwdQxCsU_c007_00\frame_02_idx_000270.jpg,24.530174,0.716057,6,1.965916,0.103706,2.069622,0.0,0,0.0,0.0,0.408152,0.57,0.29,0.14,guided_motion_yolo,5,15,375,25.0
basketball/v_aVfJwdQxCsU_c007_00,3,285,11.4,data\guided_frames\basketball__v_aVfJwdQxCsU_c007_00\frame_03_idx_000285.jpg,34.257309,1.0,9,5.520895,0.119435,5.640329,0.430777,0,0.0,0.0,0.694925,0.57,0.29,0.14,guided_motion_yolo,5,15,375,25.0
basketball/v_aVfJwdQxCsU_c007_00,4,300,12.0,data\guided_frames\basketball__v_aVfJwdQxCsU_c007_00\frame_04_idx_000300.jpg,27.979965,0.816759,12,7.3477,0.173228,7.520928,0.657657,0,0.0,0.0,0.656273,0.57,0.29,0.14,guided_motion_yolo,5,15,375,25.0
basketball/v_aVfJwdQxCsU_c007_00,5,315,12.6,data\guided_frames\basketball__v_aVfJwdQxCsU_c007_00\frame_05_idx_000315.jpg,19.478142,0.568584,13,8.934626,0.17651,9.111136,0.849503,1,0.60412,0.882249,0.693963,0.57,0.29,0.14,guided_motion_yolo,5,15,375,25.0
basketball/v_aVfJwdQxCsU_c007_00,6,330,13.2,data\guided_frames\basketball__v_aVfJwdQxCsU_c007_00\frame_06_idx_000330.jpg,13.974948,0.407941,14,9.164557,0.211504,9.376061,0.881464,0,0.0,0.0,0.488151,0.57,0.29,0.14,guided_motion_yolo,5,15,375,25.0
basketball/v_aVfJwdQxCsU_c007_00,7,345,13.8,data\guided_frames\basketball__v_aVfJwdQxCsU_c007_00\frame_07_idx_000345.jpg,12.721458,0.37135,16,10.148875,0.209732,10.358607,1.0,1,0.491173,0.717303,0.602092,0.57,0.29,0.14,guided_motion_yolo,5,15,375,25.0
basketball/v_aVfJwdQxCsU_c007_00,8,360,14.4,data\guided_frames\basketball__v_aVfJwdQxCsU_c007_00\frame_08_idx_000360.jpg,8.619844,0.251621,15,9.37306,0.202351,9.575412,0.905514,0,0.0,0.0,0.406023,0.57,0.29,0.14,guided_motion_yolo,5,15,375,25.0
basketball/v_en2wx__oWmE_c005_00,1,5,0.2,data\guided_frames\basketball__v_en2wx__oWmE_c005_00\frame_01_idx_000005.jpg,19.407865,0.671781,18,9.982253,0.158904,10.141158,0.533381,0,0.0,0.0,0.537596,0.57,0.29,0.14,guided_motion_yolo,5,15,375,25.0
basketball/v_en2wx__oWmE_c005_00,2,30,1.2,data\guided_frames\basketball__v_en2wx__oWmE_c005_00\frame_02_idx_000030.jpg,17.331736,0.599918,20,10.03681,0.177845,10.214656,0.550801,0,0.0,0.0,0.501685,0.57,0.29,0.14,guided_motion_yolo,5,15,375,25.0
basketball/v_en2wx__oWmE_c005_00,3,60,2.4,data\guided_frames\basketball__v_en2wx__oWmE_c005_00\frame_03_idx_000060.jpg,7.262795,0.251393,25,11.102053,0.185293,11.287346,0.805037,1,0.355328,1.0,0.516755,0.57,0.29,0.14,guided_motion_yolo,5,15,375,25.0
basketball/v_en2wx__oWmE_c005_00,4,145,5.8,data\guided_frames\basketball__v_en2wx__oWmE_c005_00\frame_04_idx_000145.jpg,18.352899,0.635264,23,9.912782,0.147318,10.0601,0.51417,0,0.0,0.0,0.51121,0.57,0.29,0.14,guided_motion_yolo,5,15,375,25.0
basketball/v_en2wx__oWmE_c005_00,5,185,7.4,data\guided_frames\basketball__v_en2wx__oWmE_c005_00\frame_05_idx_000185.jpg,24.451684,0.846367,20,9.696027,0.148946,9.844973,0.463182,0,0.0,0.0,0.616752,0.57,0.29,0.14,guided_motion_yolo,5,15,375,25.0
basketball/v_en2wx__oWmE_c005_00,6,260,10.4,data\guided_frames\basketball__v_en2wx__oWmE_c005_00\frame_06_idx_000260.jpg,28.890174,1.0,15,8.299776,0.188459,8.488235,0.141624,0,0.0,0.0,0.611071,0.57,0.29,0.14,guided_motion_yolo,5,15,375,25.0
basketball/v_en2wx__oWmE_c005_00,7,300,12.0,data\guided_frames\basketball__v_en2wx__oWmE_c005_00\frame_07_idx_000300.jpg,20.732604,0.717635,17,9.43157,0.180426,9.611996,0.407965,0,0.0,0.0,0.527362,0.57,0.29,0.14,guided_motion_yolo,5,15,375,25.0
basketball/v_en2wx__oWmE_c005_00,8,374,14.96,data\guided_frames\basketball__v_en2wx__oWmE_c005_00\frame_08_idx_000374.jpg,14.448924,0.500133,21,10.149894,0.230259,10.380153,0.590025,1,0.219048,0.616469,0.542489,0.57,0.29,0.14,guided_motion_yolo,5,15,375,25.0
basketball/v_f6a3B499nwY_c006_00,1,10,0.4,data\guided_frames\basketball__v_f6a3B499nwY_c006_00\frame_01_idx_000010.jpg,13.363403,0.777888,13,6.594462,0.100921,6.695384,0.82884,0,0.0,0.0,0.68376,0.57,0.29,0.14,guided_motion_yolo,5,15,350,25.0
basketball/v_f6a3B499nwY_c006_00,2,25,1.0,data\guided_frames\basketball__v_f6a3B499nwY_c006_00\frame_02_idx_000025.jpg,12.816198,0.746035,13,6.336905,0.087974,6.424879,0.774326,0,0.0,0.0,0.649795,0.57,0.29,0.14,guided_motion_yolo,5,15,350,25.0
basketball/v_f6a3B499nwY_c006_00,3,45,1.8,data\guided_frames\basketball__v_f6a3B499nwY_c006_00\frame_03_idx_000045.jpg,11.513698,0.670216,10,6.091888,0.067143,6.15903,0.720751,0,0.0,0.0,0.591041,0.57,0.29,0.14,guided_motion_yolo,5,15,350,25.0
basketball/v_f6a3B499nwY_c006_00,4,160,6.4,data\guided_frames\basketball__v_f6a3B499nwY_c006_00\frame_04_idx_000160.jpg,11.787622,0.686161,12,6.199335,0.109916,6.309251,0.751024,0,0.0,0.0,0.608909,0.57,0.29,0.14,guided_motion_yolo,5,15,350,25.0
basketball/v_f6a3B499nwY_c006_00,5,215,8.6,data\guided_frames\basketball__v_f6a3B499nwY_c006_00\frame_05_idx_000215.jpg,12.400729,0.721851,12,6.35699,0.106621,6.463612,0.782132,0,0.0,0.0,0.638273,0.57,0.29,0.14,guided_motion_yolo,5,15,350,25.0
basketball/v_f6a3B499nwY_c006_00,6,265,10.6,data\guided_frames\basketball__v_f6a3B499nwY_c006_00\frame_06_idx_000265.jpg,17.17908,1.0,11,6.001174,0.116301,6.117475,0.712377,0,0.0,0.0,0.776589,0.57,0.29,0.14,guided_motion_yolo,5,15,350,25.0
basketball/v_f6a3B499nwY_c006_00,7,310,12.4,data\guided_frames\basketball__v_f6a3B499nwY_c006_00\frame_07_idx_000310.jpg,13.147222,0.765304,11,5.628466,0.13857,5.767037,0.641754,0,0.0,0.0,0.622332,0.57,0.29,0.14,guided_motion_yolo,5,15,350,25.0
basketball/v_f6a3B499nwY_c006_00,8,330,13.2,data\guided_frames\basketball__v_f6a3B499nwY_c006_00\frame_08_idx_000330.jpg,14.102031,0.820884,12,5.209911,0.131537,5.341449,0.555988,0,0.0,0.0,0.62914,0.57,0.29,0.14,guided_motion_yolo,5,15,350,25.0
basketball/v_f6a3B499nwY_c007_01,1,5,0.2,data\guided_frames\basketball__v_f6a3B499nwY_c007_01\frame_01_idx_000005.jpg,10.000087,0.163383,13,6.668653,0.108829,6.777481,0.661643,0,0.0,0.0,0.285005,0.57,0.29,0.14,guided_motion_yolo,5,15,125,25.0
basketball/v_f6a3B499nwY_c007_01,2,25,1.0,data\guided_frames\basketball__v_f6a3B499nwY_c007_01\frame_02_idx_000025.jpg,11.748924,0.191956,14,7.657219,0.126617,7.783837,0.944118,0,0.0,0.0,0.383209,0.57,0.29,0.14,guided_motion_yolo,5,15,125,25.0
basketball/v_f6a3B499nwY_c007_01,3,50,2.0,data\guided_frames\basketball__v_f6a3B499nwY_c007_01\frame_03_idx_000050.jpg,6.021927,0.098387,15,6.67074,0.131796,6.802535,0.668676,0,0.0,0.0,0.249997,0.57,0.29,0.14,guided_motion_yolo,5,15,125,25.0
basketball/v_f6a3B499nwY_c007_01,4,65,2.6,data\guided_frames\basketball__v_f6a3B499nwY_c007_01\frame_04_idx_000065.jpg,5.910122,0.096561,15,7.844485,0.13844,7.982925,1.0,0,0.0,0.0,0.34504,0.57,0.29,0.14,guided_motion_yolo,5,15,125,25.0
basketball/v_f6a3B499nwY_c007_01,5,85,3.4,data\guided_frames\basketball__v_f6a3B499nwY_c007_01\frame_05_idx_000085.jpg,9.04967,0.147855,12,7.270131,0.144649,7.41478,0.840527,0,0.0,0.0,0.32803,0.57,0.29,0.14,guided_motion_yolo,5,15,125,25.0
basketball/v_f6a3B499nwY_c007_01,6,100,4.0,data\guided_frames\basketball__v_f6a3B499nwY_c007_01\frame_06_idx_000100.jpg,9.71776,0.158771,11,6.390404,0.140249,6.530653,0.592361,0,0.0,0.0,0.262284,0.57,0.29,0.14,guided_motion_yolo,5,15,125,25.0
basketball/v_f6a3B499nwY_c007_01,7,115,4.6,data\guided_frames\basketball__v_f6a3B499nwY_c007_01\frame_07_idx_000115.jpg,61.206267,1.0,5,4.549913,0.867465,5.417378,0.279875,0,0.0,0.0,0.651164,0.57,0.29,0.14,guided_motion_yolo,5,15,125,25.0
basketball/v_f6a3B499nwY_c007_01,8,120,4.8,data\guided_frames\basketball__v_f6a3B499nwY_c007_01\frame_08_idx_000120.jpg,45.464861,0.742814,5,3.884608,0.662588,4.547196,0.035623,0,0.0,0.0,0.433735,0.57,0.29,0.14,guided_motion_yolo,5,15,125,25.0
basketball/v_hDBjIvCw7Kk_c001_02,1,160,6.4,data\guided_frames\basketball__v_hDBjIvCw7Kk_c001_02\frame_01_idx_000160.jpg,15.476493,0.794509,13,7.844156,0.152011,7.996166,0.736,0,0.0,0.0,0.66631,0.57,0.29,0.14,guided_motion_yolo,5,15,375,25.0
basketball/v_hDBjIvCw7Kk_c001_02,2,180,7.2,data\guided_frames\basketball__v_hDBjIvCw7Kk_c001_02\frame_02_idx_000180.jpg,18.157205,0.932128,12,6.79759,0.121827,6.919418,0.470696,1,0.336163,0.515294,0.739956,0.57,0.29,0.14,guided_motion_yolo,5,15,375,25.0
basketball/v_hDBjIvCw7Kk_c001_02,3,195,7.8,data\guided_frames\basketball__v_hDBjIvCw7Kk_c001_02\frame_03_idx_000195.jpg,19.060365,0.978493,15,8.914754,0.152872,9.067626,1.0,0,0.0,0.0,0.847741,0.57,0.29,0.14,guided_motion_yolo,5,15,375,25.0
basketball/v_hDBjIvCw7Kk_c001_02,4,215,8.6,data\guided_frames\basketball__v_hDBjIvCw7Kk_c001_02\frame_04_idx_000215.jpg,18.924774,0.971532,13,8.089242,0.141648,8.230889,0.793834,1,0.2045,0.313472,0.827871,0.57,0.29,0.14,guided_motion_yolo,5,15,375,25.0
basketball/v_hDBjIvCw7Kk_c001_02,5,230,9.2,data\guided_frames\basketball__v_hDBjIvCw7Kk_c001_02\frame_05_idx_000230.jpg,16.812344,0.863087,14,7.518426,0.143348,7.661774,0.653608,1,0.357898,0.548611,0.758312,0.57,0.29,0.14,guided_motion_yolo,5,15,375,25.0
basketball/v_hDBjIvCw7Kk_c001_02,6,260,10.4,data\guided_frames\basketball__v_hDBjIvCw7Kk_c001_02\frame_06_idx_000260.jpg,15.403733,0.790774,15,7.821363,0.143607,7.96497,0.728313,1,0.325326,0.498683,0.731768,0.57,0.29,0.14,guided_motion_yolo,5,15,375,25.0
basketball/v_hDBjIvCw7Kk_c001_02,7,305,12.2,data\guided_frames\basketball__v_hDBjIvCw7Kk_c001_02\frame_07_idx_000305.jpg,14.101389,0.723916,15,8.203345,0.138291,8.341636,0.821121,0,0.0,0.0,0.650758,0.57,0.29,0.14,guided_motion_yolo,5,15,375,25.0
basketball/v_hDBjIvCw7Kk_c001_02,8,320,12.8,data\guided_frames\basketball__v_hDBjIvCw7Kk_c001_02\frame_08_idx_000320.jpg,13.465972,0.691296,16,8.722986,0.142769,8.865755,0.95026,1,0.22121,0.339086,0.717086,0.57,0.29,0.14,guided_motion_yolo,5,15,375,25.0
basketball/v_iO0QqaR5E24_c001_01,1,10,0.4,data\guided_frames\basketball__v_iO0QqaR5E24_c001_01\frame_01_idx_000010.jpg,18.863819,0.234924,25,9.845466,0.21257,10.058036,0.843433,0,0.0,0.0,0.378502,0.57,0.29,0.14,guided_motion_yolo,5,15,352,25.0
basketball/v_iO0QqaR5E24_c001_01,2,130,5.2,data\guided_frames\basketball__v_iO0QqaR5E24_c001_01\frame_02_idx_000130.jpg,80.297431,1.0,15,6.921145,0.131946,7.053091,0.499151,0,0.0,0.0,0.714754,0.57,0.29,0.14,guided_motion_yolo,5,15,352,25.0
basketball/v_iO0QqaR5E24_c001_01,3,185,7.4,data\guided_frames\basketball__v_iO0QqaR5E24_c001_01\frame_03_idx_000185.jpg,25.624149,0.319115,19,8.236393,0.238721,8.475114,0.662075,0,0.0,0.0,0.373897,0.57,0.29,0.14,guided_motion_yolo,5,15,352,25.0
basketball/v_iO0QqaR5E24_c001_01,4,200,8.0,data\guided_frames\basketball__v_iO0QqaR5E24_c001_01\frame_04_idx_000200.jpg,26.689288,0.33238,22,10.743848,0.241648,10.985496,0.949693,0,0.0,0.0,0.464868,0.57,0.29,0.14,guided_motion_yolo,5,15,352,25.0
basketball/v_iO0QqaR5E24_c001_01,5,215,8.6,data\guided_frames\basketball__v_iO0QqaR5E24_c001_01\frame_05_idx_000215.jpg,29.200087,0.363649,23,11.098523,0.258002,11.356524,0.992203,0,0.0,0.0,0.495019,0.57,0.29,0.14,guided_motion_yolo,5,15,352,25.0
basketball/v_iO0QqaR5E24_c001_01,6,235,9.4,data\guided_frames\basketball__v_iO0QqaR5E24_c001_01\frame_06_idx_000235.jpg,25.159444,0.313328,19,9.894018,0.228023,10.12204,0.850766,0,0.0,0.0,0.425319,0.57,0.29,0.14,guided_motion_yolo,5,15,352,25.0
basketball/v_iO0QqaR5E24_c001_01,7,250,10.0,data\guided_frames\basketball__v_iO0QqaR5E24_c001_01\frame_07_idx_000250.jpg,22.781823,0.283718,20,10.289124,0.203093,10.492217,0.893178,0,0.0,0.0,0.420741,0.57,0.29,0.14,guided_motion_yolo,5,15,352,25.0
basketball/v_iO0QqaR5E24_c001_01,8,270,10.8,data\guided_frames\basketball__v_iO0QqaR5E24_c001_01\frame_08_idx_000270.jpg,22.245017,0.277033,25,11.20078,0.2238,11.42458,1.0,0,0.0,0.0,0.447909,0.57,0.29,0.14,guided_motion_yolo,5,15,352,25.0
basketball/v_iO0QqaR5E24_c008_01,1,175,7.0,data\guided_frames\basketball__v_iO0QqaR5E24_c008_01\frame_01_idx_000175.jpg,31.963889,0.377867,15,7.429545,0.169071,7.598616,0.541185,0,0.0,0.0,0.372328,0.57,0.29,0.14,guided_motion_yolo,5,15,375,25.0
basketball/v_iO0QqaR5E24_c008_01,2,240,9.6,data\guided_frames\basketball__v_iO0QqaR5E24_c008_01\frame_02_idx_000240.jpg,30.012969,0.354804,12,6.711342,0.159117,6.870459,0.428353,0,0.0,0.0,0.326461,0.57,0.29,0.14,guided_motion_yolo,5,15,375,25.0
basketball/v_iO0QqaR5E24_c008_01,3,260,10.4,data\guided_frames\basketball__v_iO0QqaR5E24_c008_01\frame_03_idx_000260.jpg,30.456684,0.36005,16,7.253459,0.264788,7.518247,0.528731,2,0.493323,0.984854,0.49644,0.57,0.29,0.14,guided_motion_yolo,5,15,375,25.0
basketball/v_iO0QqaR5E24_c008_01,4,275,11.0,data\guided_frames\basketball__v_iO0QqaR5E24_c008_01\frame_04_idx_000275.jpg,31.162257,0.368391,14,8.129019,0.190305,8.319324,0.652862,0,0.0,0.0,0.399313,0.57,0.29,0.14,guided_motion_yolo,5,15,375,25.0
basketball/v_iO0QqaR5E24_c008_01,5,290,11.6,data\guided_frames\basketball__v_iO0QqaR5E24_c008_01\frame_05_idx_000290.jpg,25.770295,0.304648,20,9.902261,0.176505,10.078766,0.925496,1,0.333162,0.665115,0.53516,0.57,0.29,0.14,guided_motion_yolo,5,15,375,25.0
basketball/v_iO0QqaR5E24_c008_01,6,305,12.2,data\guided_frames\basketball__v_iO0QqaR5E24_c008_01\frame_06_idx_000305.jpg,28.023559,0.331286,19,8.592195,0.177962,8.770156,0.722721,0,0.0,0.0,0.398422,0.57,0.29,0.14,guided_motion_yolo,5,15,375,25.0
basketball/v_iO0QqaR5E24_c008_01,7,330,13.2,data\guided_frames\basketball__v_iO0QqaR5E24_c008_01\frame_07_idx_000330.jpg,24.049184,0.284302,13,7.061989,0.135259,7.197248,0.478991,1,0.343778,0.686308,0.397043,0.57,0.29,0.14,guided_motion_yolo,5,15,375,25.0
basketball/v_iO0QqaR5E24_c008_01,8,345,13.8,data\guided_frames\basketball__v_iO0QqaR5E24_c008_01\frame_08_idx_000345.jpg,84.155608,0.994862,13,6.800409,0.168845,6.969254,0.443662,0,0.0,0.0,0.695733,0.57,0.29,0.14,guided_motion_yolo,5,15,375,25.0
basketball/v_icDf81dWZHw_c011_01,1,120,4.8,data\guided_frames\basketball__v_icDf81dWZHw_c011_01\frame_01_idx_000120.jpg,28.43033,0.98846,15,5.732698,0.20734,5.940038,0.36122,0,0.0,0.0,0.668176,0.57,0.29,0.14,guided_motion_yolo,5,15,375,25.0
basketball/v_icDf81dWZHw_c011_01,2,135,5.4,data\guided_frames\basketball__v_icDf81dWZHw_c011_01\frame_02_idx_000135.jpg,21.930573,0.762478,14,7.701794,0.161915,7.863709,0.767784,0,0.0,0.0,0.65727,0.57,0.29,0.14,guided_motion_yolo,5,15,375,25.0
basketball/v_icDf81dWZHw_c011_01,3,160,6.4,data\guided_frames\basketball__v_icDf81dWZHw_c011_01\frame_03_idx_000160.jpg,22.952552,0.79801,14,6.739584,0.157403,6.896987,0.563469,1,0.314437,0.666571,0.711591,0.57,0.29,0.14,guided_motion_yolo,5,15,375,25.0
basketball/v_icDf81dWZHw_c011_01,4,180,7.2,data\guided_frames\basketball__v_icDf81dWZHw_c011_01\frame_04_idx_000180.jpg,25.208299,0.876437,12,6.272165,0.129724,6.401889,0.458831,0,0.0,0.0,0.63263,0.57,0.29,0.14,guided_motion_yolo,5,15,375,25.0
basketball/v_icDf81dWZHw_c011_01,5,200,8.0,data\guided_frames\basketball__v_icDf81dWZHw_c011_01\frame_05_idx_000200.jpg,21.953507,0.763275,13,6.299298,0.184858,6.484156,0.476218,1,0.283618,0.601238,0.657343,0.57,0.29,0.14,guided_motion_yolo,5,15,375,25.0
basketball/v_icDf81dWZHw_c011_01,6,215,8.6,data\guided_frames\basketball__v_icDf81dWZHw_c011_01\frame_06_idx_000215.jpg,22.151476,0.770158,15,7.014153,0.200274,7.214427,0.630559,0,0.0,0.0,0.621852,0.57,0.29,0.14,guided_motion_yolo,5,15,375,25.0
basketball/v_icDf81dWZHw_c011_01,7,345,13.8,data\guided_frames\basketball__v_icDf81dWZHw_c011_01\frame_07_idx_000345.jpg,28.76224,1.0,14,6.253986,0.186966,6.440953,0.467087,0,0.0,0.0,0.705455,0.57,0.29,0.14,guided_motion_yolo,5,15,375,25.0
basketball/v_icDf81dWZHw_c011_01,8,374,14.96,data\guided_frames\basketball__v_icDf81dWZHw_c011_01\frame_08_idx_000374.jpg,23.519931,0.817736,17,8.771608,0.19084,8.962449,1.0,0,0.0,0.0,0.75611,0.57,0.29,0.14,guided_motion_yolo,5,15,375,25.0
basketball/v_jZY5cZWGWKE_c003_00,1,130,5.2,data\guided_frames\basketball__v_jZY5cZWGWKE_c003_00\frame_01_idx_000130.jpg,17.791337,0.883959,14,8.032593,0.137825,8.170418,0.647329,0,0.0,0.0,0.691582,0.57,0.29,0.14,guided_motion_yolo,5,15,375,25.0
basketball/v_jZY5cZWGWKE_c003_00,2,145,5.8,data\guided_frames\basketball__v_jZY5cZWGWKE_c003_00\frame_02_idx_000145.jpg,17.726597,0.880743,20,9.392092,0.146724,9.538816,0.841629,0,0.0,0.0,0.746096,0.57,0.29,0.14,guided_motion_yolo,5,15,375,25.0
basketball/v_jZY5cZWGWKE_c003_00,3,170,6.8,data\guided_frames\basketball__v_jZY5cZWGWKE_c003_00\frame_03_idx_000170.jpg,17.348611,0.861962,15,9.192126,0.127914,9.32004,0.810565,1,0.334962,0.454852,0.790062,0.57,0.29,0.14,guided_motion_yolo,5,15,375,25.0
basketball/v_jZY5cZWGWKE_c003_00,4,185,7.4,data\guided_frames\basketball__v_jZY5cZWGWKE_c003_00\frame_04_idx_000185.jpg,17.321997,0.86064,15,8.266698,0.129606,8.396304,0.679403,0,0.0,0.0,0.687592,0.57,0.29,0.14,guided_motion_yolo,5,15,375,25.0
basketball/v_jZY5cZWGWKE_c003_00,5,200,8.0,data\guided_frames\basketball__v_jZY5cZWGWKE_c003_00\frame_05_idx_000200.jpg,17.310833,0.860086,16,8.625957,0.157975,8.783932,0.734442,0,0.0,0.0,0.703237,0.57,0.29,0.14,guided_motion_yolo,5,15,375,25.0
basketball/v_jZY5cZWGWKE_c003_00,6,240,9.6,data\guided_frames\basketball__v_jZY5cZWGWKE_c003_00\frame_06_idx_000240.jpg,19.478038,0.967763,17,8.788649,0.169806,8.958455,0.759223,1,0.262223,0.356078,0.82165,0.57,0.29,0.14,guided_motion_yolo,5,15,375,25.0
basketball/v_jZY5cZWGWKE_c003_00,7,265,10.6,data\guided_frames\basketball__v_jZY5cZWGWKE_c003_00\frame_07_idx_000265.jpg,18.90342,0.939213,18,9.700855,0.17592,9.876775,0.889615,0,0.0,0.0,0.79334,0.57,0.29,0.14,guided_motion_yolo,5,15,375,25.0
basketball/v_jZY5cZWGWKE_c003_00,8,370,14.8,data\guided_frames\basketball__v_jZY5cZWGWKE_c003_00\frame_08_idx_000370.jpg,20.126875,1.0,13,6.67672,0.218007,6.894728,0.466194,1,0.736419,1.0,0.845196,0.57,0.29,0.14,guided_motion_yolo,5,15,375,25.0
basketball/v_jZY5cZWGWKE_c009_01,1,5,0.2,data\guided_frames\basketball__v_jZY5cZWGWKE_c009_01\frame_01_idx_000005.jpg,8.432934,0.589842,17,7.767526,0.131232,7.898758,0.718131,0,0.0,0.0,0.544468,0.57,0.29,0.14,guided_motion_yolo,5,15,75,25.0
basketball/v_jZY5cZWGWKE_c009_01,2,15,0.6,data\guided_frames\basketball__v_jZY5cZWGWKE_c009_01\frame_02_idx_000015.jpg,14.296927,1.0,14,6.317816,0.105337,6.423154,0.263912,0,0.0,0.0,0.646534,0.57,0.29,0.14,guided_motion_yolo,5,15,75,25.0
basketball/v_jZY5cZWGWKE_c009_01,3,20,0.8,data\guided_frames\basketball__v_jZY5cZWGWKE_c009_01\frame_03_idx_000020.jpg,13.61276,0.952146,17,7.588426,0.151409,7.739835,0.669211,0,0.0,0.0,0.736794,0.57,0.29,0.14,guided_motion_yolo,5,15,75,25.0
basketball/v_jZY5cZWGWKE_c009_01,4,35,1.4,data\guided_frames\basketball__v_jZY5cZWGWKE_c009_01\frame_04_idx_000035.jpg,12.127899,0.848287,10,5.951113,0.11409,6.065203,0.153728,0,0.0,0.0,0.528105,0.57,0.29,0.14,guided_motion_yolo,5,15,75,25.0
basketball/v_jZY5cZWGWKE_c009_01,5,50,2.0,data\guided_frames\basketball__v_jZY5cZWGWKE_c009_01\frame_05_idx_000050.jpg,13.231979,0.925512,11,6.64011,0.144016,6.784126,0.375026,0,0.0,0.0,0.636299,0.57,0.29,0.14,guided_motion_yolo,5,15,75,25.0
basketball/v_jZY5cZWGWKE_c009_01,6,55,2.2,data\guided_frames\basketball__v_jZY5cZWGWKE_c009_01\frame_06_idx_000055.jpg,12.20566,0.853726,15,7.71737,0.177125,7.894495,0.716819,0,0.0,0.0,0.694501,0.57,0.29,0.14,guided_motion_yolo,5,15,75,25.0
basketball/v_jZY5cZWGWKE_c009_01,7,70,2.8,data\guided_frames\basketball__v_jZY5cZWGWKE_c009_01\frame_07_idx_000070.jpg,9.615642,0.672567,14,6.477828,0.211132,6.68896,0.345732,1,0.235472,1.0,0.623626,0.57,0.29,0.14,guided_motion_yolo,5,15,75,25.0
basketball/v_jZY5cZWGWKE_c009_01,8,74,2.96,data\guided_frames\basketball__v_jZY5cZWGWKE_c009_01\frame_08_idx_000074.jpg,10.951979,0.766037,16,8.608697,0.20576,8.814457,1.0,0,0.0,0.0,0.726641,0.57,0.29,0.14,guided_motion_yolo,5,15,75,25.0
basketball/v_kguAFIlDI4E_c011_00,1,15,0.6,data\guided_frames\basketball__v_kguAFIlDI4E_c011_00\frame_01_idx_000015.jpg,16.763733,0.934811,16,9.667479,0.137438,9.804917,0.741764,1,0.474679,1.0,0.887954,0.57,0.29,0.14,guided_motion_yolo,5,15,375,25.0
basketball/v_kguAFIlDI4E_c011_00,2,30,1.2,data\guided_frames\basketball__v_kguAFIlDI4E_c011_00\frame_02_idx_000030.jpg,17.193958,0.958802,17,8.941077,0.130694,9.071772,0.586837,0,0.0,0.0,0.7167,0.57,0.29,0.14,guided_motion_yolo,5,15,375,25.0
basketball/v_kguAFIlDI4E_c011_00,3,45,1.8,data\guided_frames\basketball__v_kguAFIlDI4E_c011_00\frame_03_idx_000045.jpg,17.030382,0.949681,17,9.581558,0.136003,9.717561,0.723304,1,0.206959,0.435997,0.812116,0.57,0.29,0.14,guided_motion_yolo,5,15,375,25.0
basketball/v_kguAFIlDI4E_c011_00,4,60,2.4,data\guided_frames\basketball__v_kguAFIlDI4E_c011_00\frame_04_idx_000060.jpg,14.942778,0.833268,14,8.45521,0.149069,8.604279,0.488047,0,0.0,0.0,0.616496,0.57,0.29,0.14,guided_motion_yolo,5,15,375,25.0
basketball/v_kguAFIlDI4E_c011_00,5,255,10.2,data\guided_frames\basketball__v_kguAFIlDI4E_c011_00\frame_05_idx_000255.jpg,17.932743,1.0,18,9.553089,0.170339,9.723428,0.724544,1,0.461149,0.971496,0.916127,0.57,0.29,0.14,guided_motion_yolo,5,15,375,25.0
basketball/v_kguAFIlDI4E_c011_00,6,310,12.4,data\guided_frames\basketball__v_kguAFIlDI4E_c011_00\frame_06_idx_000310.jpg,8.535069,0.475949,20,9.987551,0.165332,10.152883,0.815296,0,0.0,0.0,0.507727,0.57,0.29,0.14,guided_motion_yolo,5,15,375,25.0
basketball/v_kguAFIlDI4E_c011_00,7,350,14.0,data\guided_frames\basketball__v_kguAFIlDI4E_c011_00\frame_07_idx_000350.jpg,12.144271,0.677212,14,7.5261,0.143877,7.669977,0.290611,1,0.460659,0.970465,0.606153,0.57,0.29,0.14,guided_motion_yolo,5,15,375,25.0
basketball/v_kguAFIlDI4E_c011_00,8,370,14.8,data\guided_frames\basketball__v_kguAFIlDI4E_c011_00\frame_08_idx_000370.jpg,13.734549,0.765892,19,9.012011,0.198379,9.21039,0.616129,1,0.264597,0.557424,0.693275,0.57,0.29,0.14,guided_motion_yolo,5,15,375,25.0
basketball/v_kguAFIlDI4E_c012_01,1,10,0.4,data\guided_frames\basketball__v_kguAFIlDI4E_c012_01\frame_01_idx_000010.jpg,13.058038,0.78957,16,9.168559,0.146364,9.314923,1.0,0,0.0,0.0,0.740055,0.57,0.29,0.14,guided_motion_yolo,5,15,200,25.0
basketball/v_kguAFIlDI4E_c012_01,2,40,1.6,data\guided_frames\basketball__v_kguAFIlDI4E_c012_01\frame_02_idx_000040.jpg,11.141181,0.673665,16,8.108659,0.181983,8.290642,0.634796,0,0.0,0.0,0.56808,0.57,0.29,0.14,guided_motion_yolo,5,15,200,25.0
basketball/v_kguAFIlDI4E_c012_01,3,55,2.2,data\guided_frames\basketball__v_kguAFIlDI4E_c012_01\frame_03_idx_000055.jpg,11.732552,0.709423,16,8.87639,0.160295,9.036685,0.900795,0,0.0,0.0,0.665602,0.57,0.29,0.14,guided_motion_yolo,5,15,200,25.0
basketball/v_kguAFIlDI4E_c012_01,4,90,3.6,data\guided_frames\basketball__v_kguAFIlDI4E_c012_01\frame_04_idx_000090.jpg,9.235521,0.558437,15,8.45084,0.147845,8.598686,0.744628,0,0.0,0.0,0.534251,0.57,0.29,0.14,guided_motion_yolo,5,15,200,25.0
basketball/v_kguAFIlDI4E_c012_01,5,120,4.8,data\guided_frames\basketball__v_kguAFIlDI4E_c012_01\frame_05_idx_000120.jpg,7.414444,0.448323,14,7.644378,0.150643,7.795021,0.458083,1,0.363628,1.0,0.528388,0.57,0.29,0.14,guided_motion_yolo,5,15,200,25.0
basketball/v_kguAFIlDI4E_c012_01,6,150,6.0,data\guided_frames\basketball__v_kguAFIlDI4E_c012_01\frame_06_idx_000150.jpg,9.615035,0.581385,13,7.353088,0.131287,7.484375,0.347323,1,0.347241,0.954935,0.565804,0.57,0.29,0.14,guided_motion_yolo,5,15,200,25.0
basketball/v_kguAFIlDI4E_c012_01,7,180,7.2,data\guided_frames\basketball__v_kguAFIlDI4E_c012_01\frame_07_idx_000180.jpg,9.871997,0.596922,15,7.510173,0.137852,7.648025,0.405672,1,0.261197,0.71831,0.558454,0.57,0.29,0.14,guided_motion_yolo,5,15,200,25.0
basketball/v_kguAFIlDI4E_c012_01,8,195,7.8,data\guided_frames\basketball__v_kguAFIlDI4E_c012_01\frame_08_idx_000195.jpg,16.53816,1.0,19,8.871304,0.170255,9.041558,0.902533,0,0.0,0.0,0.831734,0.57,0.29,0.14,guided_motion_yolo,5,15,200,25.0
basketball/v_l4OIaX8_D10_c002_00,1,10,0.4,data\guided_frames\basketball__v_l4OIaX8_D10_c002_00\frame_01_idx_000010.jpg,18.75842,0.983087,18,8.686977,0.108795,8.795772,0.427377,0,0.0,0.0,0.684299,0.57,0.29,0.14,guided_motion_yolo,5,15,375,25.0
basketball/v_l4OIaX8_D10_c002_00,2,35,1.4,data\guided_frames\basketball__v_l4OIaX8_D10_c002_00\frame_02_idx_000035.jpg,15.29967,0.801821,18,9.898034,0.12671,10.024744,0.689746,0,0.0,0.0,0.657064,0.57,0.29,0.14,guided_motion_yolo,5,15,375,25.0
basketball/v_l4OIaX8_D10_c002_00,3,55,2.2,data\guided_frames\basketball__v_l4OIaX8_D10_c002_00\frame_03_idx_000055.jpg,18.536858,0.971475,18,10.342408,0.121263,10.463672,0.783451,0,0.0,0.0,0.780941,0.57,0.29,0.14,guided_motion_yolo,5,15,375,25.0
basketball/v_l4OIaX8_D10_c002_00,4,70,2.8,data\guided_frames\basketball__v_l4OIaX8_D10_c002_00\frame_04_idx_000070.jpg,16.410312,0.860028,18,10.312903,0.126167,10.43907,0.778199,0,0.0,0.0,0.715893,0.57,0.29,0.14,guided_motion_yolo,5,15,375,25.0
basketball/v_l4OIaX8_D10_c002_00,5,85,3.4,data\guided_frames\basketball__v_l4OIaX8_D10_c002_00\frame_05_idx_000085.jpg,16.797795,0.880335,18,9.557777,0.143276,9.701054,0.620642,0,0.0,0.0,0.681777,0.57,0.29,0.14,guided_motion_yolo,5,15,375,25.0
basketball/v_l4OIaX8_D10_c002_00,6,165,6.6,data\guided_frames\basketball__v_l4OIaX8_D10_c002_00\frame_06_idx_000165.jpg,6.151059,0.322363,21,10.877858,0.161536,11.039394,0.906359,0,0.0,0.0,0.446591,0.57,0.29,0.14,guided_motion_yolo,5,15,375,25.0
basketball/v_l4OIaX8_D10_c002_00,7,250,10.0,data\guided_frames\basketball__v_l4OIaX8_D10_c002_00\frame_07_idx_000250.jpg,10.350035,0.542422,20,9.094466,0.141977,9.236443,0.521455,0,0.0,0.0,0.460402,0.57,0.29,0.14,guided_motion_yolo,5,15,375,25.0
basketball/v_l4OIaX8_D10_c002_00,8,360,14.4,data\guided_frames\basketball__v_l4OIaX8_D10_c002_00\frame_08_idx_000360.jpg,7.887309,0.413356,21,10.077705,0.181886,10.259591,0.739882,0,0.0,0.0,0.450179,0.57,0.29,0.14,guided_motion_yolo,5,15,375,25.0
basketball/v_l4OIaX8_D10_c002_02,1,45,1.8,data\guided_frames\basketball__v_l4OIaX8_D10_c002_02\frame_01_idx_000045.jpg,21.8475,0.740914,18,7.824292,0.147109,7.971402,0.548869,0,0.0,0.0,0.581493,0.57,0.29,0.14,guided_motion_yolo,5,15,250,25.0
basketball/v_l4OIaX8_D10_c002_02,2,85,3.4,data\guided_frames\basketball__v_l4OIaX8_D10_c002_02\frame_02_idx_000085.jpg,13.63342,0.46235,16,7.834327,0.122171,7.956498,0.546434,0,0.0,0.0,0.422005,0.57,0.29,0.14,guided_motion_yolo,5,15,250,25.0
basketball/v_l4OIaX8_D10_c002_02,3,100,4.0,data\guided_frames\basketball__v_l4OIaX8_D10_c002_02\frame_03_idx_000100.jpg,29.020937,0.984186,20,8.909297,0.212039,9.121336,0.736697,0,0.0,0.0,0.774628,0.57,0.29,0.14,guided_motion_yolo,5,15,250,25.0
basketball/v_l4OIaX8_D10_c002_02,4,115,4.6,data\guided_frames\basketball__v_l4OIaX8_D10_c002_02\frame_04_idx_000115.jpg,27.762517,0.94151,23,10.524223,0.209117,10.73334,1.0,0,0.0,0.0,0.82666,0.57,0.29,0.14,guided_motion_yolo,5,15,250,25.0
basketball/v_l4OIaX8_D10_c002_02,5,140,5.6,data\guided_frames\basketball__v_l4OIaX8_D10_c002_02\frame_05_idx_000140.jpg,25.414184,0.861871,19,9.884473,0.134204,10.018677,0.883268,0,0.0,0.0,0.747414,0.57,0.29,0.14,guided_motion_yolo,5,15,250,25.0
basketball/v_l4OIaX8_D10_c002_02,6,155,6.2,data\guided_frames\basketball__v_l4OIaX8_D10_c002_02\frame_06_idx_000155.jpg,26.761007,0.907545,17,8.332602,0.126252,8.458854,0.628488,0,0.0,0.0,0.699562,0.57,0.29,0.14,guided_motion_yolo,5,15,250,25.0
basketball/v_l4OIaX8_D10_c002_02,7,170,6.8,data\guided_frames\basketball__v_l4OIaX8_D10_c002_02\frame_07_idx_000170.jpg,25.44276,0.86284,10,4.538054,0.073039,4.611092,-0.0,0,0.0,0.0,0.491819,0.57,0.29,0.14,guided_motion_yolo,5,15,250,25.0
basketball/v_l4OIaX8_D10_c002_02,8,190,7.6,data\guided_frames\basketball__v_l4OIaX8_D10_c002_02\frame_08_idx_000190.jpg,14.49191,0.491464,14,6.524784,0.127427,6.652211,0.333394,1,0.584971,1.0,0.516818,0.57,0.29,0.14,guided_motion_yolo,5,15,250,25.0
basketball/v_l4OIaX8_D10_c007_00,1,5,0.2,data\guided_frames\basketball__v_l4OIaX8_D10_c007_00\frame_01_idx_000005.jpg,19.971458,0.889865,13,7.956971,0.107129,8.0641,0.206916,0,0.0,0.0,0.567229,0.57,0.29,0.14,guided_motion_yolo,5,15,375,25.0
basketball/v_l4OIaX8_D10_c007_00,2,20,0.8,data\guided_frames\basketball__v_l4OIaX8_D10_c007_00\frame_02_idx_000020.jpg,21.474219,0.956823,15,8.572931,0.119492,8.692423,0.393664,0,0.0,0.0,0.659552,0.57,0.29,0.14,guided_motion_yolo,5,15,375,25.0
basketball/v_l4OIaX8_D10_c007_00,3,45,1.8,data\guided_frames\basketball__v_l4OIaX8_D10_c007_00\frame_03_idx_000045.jpg,21.593472,0.962137,18,9.951658,0.151179,10.102837,0.812863,0,0.0,0.0,0.784148,0.57,0.29,0.14,guided_motion_yolo,5,15,375,25.0
basketball/v_l4OIaX8_D10_c007_00,4,60,2.4,data\guided_frames\basketball__v_l4OIaX8_D10_c007_00\frame_04_idx_000060.jpg,16.120226,0.718266,18,10.046514,0.126482,10.172996,0.833716,0,0.0,0.0,0.651189,0.57,0.29,0.14,guided_motion_yolo,5,15,375,25.0
basketball/v_l4OIaX8_D10_c007_00,5,80,3.2,data\guided_frames\basketball__v_l4OIaX8_D10_c007_00\frame_05_idx_000080.jpg,13.262014,0.590913,21,10.327372,0.128065,10.455437,0.917662,0,0.0,0.0,0.602943,0.57,0.29,0.14,guided_motion_yolo,5,15,375,25.0
basketball/v_l4OIaX8_D10_c007_00,6,100,4.0,data\guided_frames\basketball__v_l4OIaX8_D10_c007_00\frame_06_idx_000100.jpg,13.992396,0.623457,20,9.699542,0.129704,9.829246,0.731547,0,0.0,0.0,0.567519,0.57,0.29,0.14,guided_motion_yolo,5,15,375,25.0
basketball/v_l4OIaX8_D10_c007_00,7,115,4.6,data\guided_frames\basketball__v_l4OIaX8_D10_c007_00\frame_07_idx_000115.jpg,16.096215,0.717196,20,10.221767,0.123989,10.345757,0.885063,0,0.0,0.0,0.66547,0.57,0.29,0.14,guided_motion_yolo,5,15,375,25.0
basketball/v_l4OIaX8_D10_c007_00,8,130,5.2,data\guided_frames\basketball__v_l4OIaX8_D10_c007_00\frame_08_idx_000130.jpg,17.20401,0.766556,20,8.772081,0.130321,8.902401,0.456074,0,0.0,0.0,0.569198,0.57,0.29,0.14,guided_motion_yolo,5,15,375,25.0
basketball/v_l9wUr-CK1Y4_c001_01,1,170,6.8,data\guided_frames\basketball__v_l9wUr-CK1Y4_c001_01\frame_01_idx_000170.jpg,17.155781,0.663729,18,9.488431,0.245349,9.73378,0.78427,0,0.0,0.0,0.605764,0.57,0.29,0.14,guided_motion_yolo,5,15,375,25.0
basketball/v_l9wUr-CK1Y4_c001_01,2,225,9.0,data\guided_frames\basketball__v_l9wUr-CK1Y4_c001_01\frame_02_idx_000225.jpg,15.610955,0.603962,18,9.317931,0.214733,9.532664,0.749587,0,0.0,0.0,0.561638,0.57,0.29,0.14,guided_motion_yolo,5,15,375,25.0
basketball/v_l9wUr-CK1Y4_c001_01,3,240,9.6,data\guided_frames\basketball__v_l9wUr-CK1Y4_c001_01\frame_03_idx_000240.jpg,20.704583,0.801026,18,8.532637,0.212979,8.745616,0.613858,0,0.0,0.0,0.634604,0.57,0.29,0.14,guided_motion_yolo,5,15,375,25.0
basketball/v_l9wUr-CK1Y4_c001_01,4,275,11.0,data\guided_frames\basketball__v_l9wUr-CK1Y4_c001_01\frame_04_idx_000275.jpg,13.150503,0.508771,17,8.444625,0.234874,8.679499,0.602456,1,0.321821,0.523299,0.537974,0.57,0.29,0.14,guided_motion_yolo,5,15,375,25.0
basketball/v_l9wUr-CK1Y4_c001_01,5,315,12.6,data\guided_frames\basketball__v_l9wUr-CK1Y4_c001_01\frame_05_idx_000315.jpg,23.953941,0.926738,21,10.657479,0.327249,10.984728,1.0,0,0.0,0.0,0.818241,0.57,0.29,0.14,guided_motion_yolo,5,15,375,25.0
basketball/v_l9wUr-CK1Y4_c001_01,6,335,13.4,data\guided_frames\basketball__v_l9wUr-CK1Y4_c001_01\frame_06_idx_000335.jpg,24.709844,0.955983,14,8.809921,0.232916,9.042836,0.665115,1,0.306717,0.498738,0.807617,0.57,0.29,0.14,guided_motion_yolo,5,15,375,25.0
basketball/v_l9wUr-CK1Y4_c001_01,7,350,14.0,data\guided_frames\basketball__v_l9wUr-CK1Y4_c001_01\frame_07_idx_000350.jpg,22.275573,0.861805,16,8.602616,0.243587,8.846203,0.631205,0,0.0,0.0,0.674278,0.57,0.29,0.14,guided_motion_yolo,5,15,375,25.0
basketball/v_l9wUr-CK1Y4_c001_01,8,370,14.8,data\guided_frames\basketball__v_l9wUr-CK1Y4_c001_01\frame_08_idx_000370.jpg,20.191649,0.781181,14,7.805872,0.171903,7.977774,0.481442,0,0.0,0.0,0.584891,0.57,0.29,0.14,guided_motion_yolo,5,15,375,25.0
basketball/v_lkZY0naa0-o_c007_00,1,80,3.2,data\guided_frames\basketball__v_lkZY0naa0-o_c007_00\frame_01_idx_000080.jpg,23.618003,0.832851,12,4.647578,0.119474,4.767053,0.398814,0,0.0,0.0,0.590382,0.57,0.29,0.14,guided_motion_yolo,5,15,250,25.0
basketball/v_lkZY0naa0-o_c007_00,2,95,3.8,data\guided_frames\basketball__v_lkZY0naa0-o_c007_00\frame_02_idx_000095.jpg,27.234913,0.960396,9,5.045414,0.105134,5.150548,0.45097,0,0.0,0.0,0.678207,0.57,0.29,0.14,guided_motion_yolo,5,15,250,25.0
basketball/v_lkZY0naa0-o_c007_00,3,115,4.6,data\guided_frames\basketball__v_lkZY0naa0-o_c007_00\frame_03_idx_000115.jpg,27.18599,0.958671,16,8.115196,0.145965,8.261161,0.874016,0,0.0,0.0,0.799907,0.57,0.29,0.14,guided_motion_yolo,5,15,250,25.0
basketball/v_lkZY0naa0-o_c007_00,4,130,5.2,data\guided_frames\basketball__v_lkZY0naa0-o_c007_00\frame_04_idx_000130.jpg,22.90059,0.807553,18,8.389582,0.210817,8.600398,0.920152,1,0.335206,0.964467,0.862175,0.57,0.29,0.14,guided_motion_yolo,5,15,250,25.0
basketball/v_lkZY0naa0-o_c007_00,5,155,6.2,data\guided_frames\basketball__v_lkZY0naa0-o_c007_00\frame_05_idx_000155.jpg,19.032795,0.671161,15,7.658754,0.142043,7.800797,0.811406,0,0.0,0.0,0.61787,0.57,0.29,0.14,guided_motion_yolo,5,15,250,25.0
basketball/v_lkZY0naa0-o_c007_00,6,170,6.8,data\guided_frames\basketball__v_lkZY0naa0-o_c007_00\frame_06_idx_000170.jpg,18.351771,0.647146,13,5.850574,0.137835,5.988409,0.56492,1,0.347556,1.0,0.6727,0.57,0.29,0.14,guided_motion_yolo,5,15,250,25.0
basketball/v_lkZY0naa0-o_c007_00,7,185,7.4,data\guided_frames\basketball__v_lkZY0naa0-o_c007_00\frame_07_idx_000185.jpg,14.613507,0.515322,12,5.259127,0.118184,5.377311,0.48181,0,0.0,0.0,0.433459,0.57,0.29,0.14,guided_motion_yolo,5,15,250,25.0
basketball/v_lkZY0naa0-o_c007_00,8,200,8.0,data\guided_frames\basketball__v_lkZY0naa0-o_c007_00\frame_08_idx_000200.jpg,19.108941,0.673846,13,5.063754,0.089696,5.15345,0.451365,0,0.0,0.0,0.514988,0.57,0.29,0.14,guided_motion_yolo,5,15,250,25.0
basketball/v_rYquruzj9hc_c009_00,1,60,2.4,data\guided_frames\basketball__v_rYquruzj9hc_c009_00\frame_01_idx_000060.jpg,62.678073,1.0,16,9.042984,0.220274,9.263259,0.70984,0,0.0,0.0,0.775854,0.57,0.29,0.14,guided_motion_yolo,5,15,375,25.0
basketball/v_rYquruzj9hc_c009_00,2,150,6.0,data\guided_frames\basketball__v_rYquruzj9hc_c009_00\frame_02_idx_000150.jpg,18.25342,0.291225,12,5.739405,0.100871,5.840276,0.415214,1,0.3002,0.44066,0.348103,0.57,0.29,0.14,guided_motion_yolo,5,15,375,25.0
basketball/v_rYquruzj9hc_c009_00,3,255,10.2,data\guided_frames\basketball__v_rYquruzj9hc_c009_00\frame_03_idx_000255.jpg,22.384115,0.357128,17,7.371893,0.133964,7.505857,0.558575,0,0.0,0.0,0.36555,0.57,0.29,0.14,guided_motion_yolo,5,15,375,25.0
basketball/v_rYquruzj9hc_c009_00,4,270,10.8,data\guided_frames\basketball__v_rYquruzj9hc_c009_00\frame_04_idx_000270.jpg,21.70816,0.346344,16,8.282173,0.143793,8.425965,0.637772,0,0.0,0.0,0.38237,0.57,0.29,0.14,guided_motion_yolo,5,15,375,25.0
basketball/v_rYquruzj9hc_c009_00,5,285,11.4,data\guided_frames\basketball__v_rYquruzj9hc_c009_00\frame_05_idx_000285.jpg,21.940347,0.350048,23,10.289309,0.194091,10.483401,0.814862,0,0.0,0.0,0.435837,0.57,0.29,0.14,guided_motion_yolo,5,15,375,25.0
basketball/v_rYquruzj9hc_c009_00,6,305,12.2,data\guided_frames\basketball__v_rYquruzj9hc_c009_00\frame_06_idx_000305.jpg,23.378021,0.372986,20,9.131459,0.158929,9.290387,0.712175,0,0.0,0.0,0.419133,0.57,0.29,0.14,guided_motion_yolo,5,15,375,25.0
basketball/v_rYquruzj9hc_c009_00,7,325,13.0,data\guided_frames\basketball__v_rYquruzj9hc_c009_00\frame_07_idx_000325.jpg,16.723177,0.266811,23,12.453078,0.181265,12.634344,1.0,1,0.62695,0.920293,0.570923,0.57,0.29,0.14,guided_motion_yolo,5,15,375,25.0
basketball/v_rYquruzj9hc_c009_00,8,340,13.6,data\guided_frames\basketball__v_rYquruzj9hc_c009_00\frame_08_idx_000340.jpg,15.917552,0.253957,21,10.974579,0.181581,11.156159,0.872768,0,0.0,0.0,0.397858,0.57,0.29,0.14,guided_motion_yolo,5,15,375,25.0
basketball/v_rYquruzj9hc_c010_00,1,5,0.2,data\guided_frames\basketball__v_rYquruzj9hc_c010_00\frame_01_idx_000005.jpg,21.467153,0.318629,15,8.688583,0.150739,8.839323,0.966178,0,0.0,0.0,0.46181,0.57,0.29,0.14,guided_motion_yolo,5,15,300,25.0
basketball/v_rYquruzj9hc_c010_00,2,30,1.2,data\guided_frames\basketball__v_rYquruzj9hc_c010_00\frame_02_idx_000030.jpg,19.438125,0.288513,17,8.920041,0.190283,9.110324,1.0,0,0.0,0.0,0.454452,0.57,0.29,0.14,guided_motion_yolo,5,15,300,25.0
basketball/v_rYquruzj9hc_c010_00,3,45,1.8,data\guided_frames\basketball__v_rYquruzj9hc_c010_00\frame_03_idx_000045.jpg,11.910972,0.17679,14,8.446918,0.145861,8.592779,0.935408,0,0.0,0.0,0.372039,0.57,0.29,0.14,guided_motion_yolo,5,15,300,25.0
basketball/v_rYquruzj9hc_c010_00,4,65,2.6,data\guided_frames\basketball__v_rYquruzj9hc_c010_00\frame_04_idx_000065.jpg,14.960972,0.22206,13,7.994691,0.171752,8.166443,0.882199,0,0.0,0.0,0.382412,0.57,0.29,0.14,guided_motion_yolo,5,15,300,25.0
basketball/v_rYquruzj9hc_c010_00,5,110,4.4,data\guided_frames\basketball__v_rYquruzj9hc_c010_00\frame_05_idx_000110.jpg,16.374444,0.24304,18,8.3929,0.199027,8.591927,0.935302,0,0.0,0.0,0.40977,0.57,0.29,0.14,guided_motion_yolo,5,15,300,25.0
basketball/v_rYquruzj9hc_c010_00,6,145,5.8,data\guided_frames\basketball__v_rYquruzj9hc_c010_00\frame_06_idx_000145.jpg,18.996024,0.281951,13,7.420164,0.165092,7.585256,0.809665,0,0.0,0.0,0.395515,0.57,0.29,0.14,guided_motion_yolo,5,15,300,25.0
basketball/v_rYquruzj9hc_c010_00,7,255,10.2,data\guided_frames\basketball__v_rYquruzj9hc_c010_00\frame_07_idx_000255.jpg,7.299288,0.108341,13,6.887451,0.143987,7.031439,0.740546,1,0.474828,1.0,0.416512,0.57,0.29,0.14,guided_motion_yolo,5,15,300,25.0
basketball/v_rYquruzj9hc_c010_00,8,290,11.6,data\guided_frames\basketball__v_rYquruzj9hc_c010_00\frame_08_idx_000290.jpg,67.373507,1.0,1,0.834792,0.281975,1.116767,0.002369,0,0.0,0.0,0.570687,0.57,0.29,0.14,guided_motion_yolo,5,15,300,25.0
